total_loss,recon_loss,contrast_loss,local_contrast,global_contrast,gate_spatial_mean,gate_expr_mean,spatial_weight,expr_weight,px_r_mean,px_r_std,epoch,lr,time
2977.348876953125,2910.368408203125,66.98037719726562,0.5409654974937439,2.2670881748199463,0.5024270415306091,0.49838772416114807,0.5024270415306091,0.49838772416114807,54.570926666259766,5.764423622167669e-05,1,0.0004999864294179643,3.288452625274658
2942.6533203125,2877.358642578125,65.29476165771484,0.5397612452507019,2.185215711593628,0.49957922101020813,0.4967126250267029,0.49957922101020813,0.4967126250267029,54.54374694824219,0.00015647280088160187,2,0.0004999457191600243,2.516568660736084
2908.509765625,2844.8525390625,63.657142639160156,0.5150806903839111,2.152695655822754,0.4970998466014862,0.49483925104141235,0.4970998466014862,0.49483925104141235,54.51690673828125,0.0004344410845078528,3,0.0004998778736905186,2.49811053276062
2870.33984375,2806.4755859375,63.86418914794922,0.5036824941635132,2.1858444213867188,0.4957083761692047,0.49347829818725586,0.4957083761692047,0.49347829818725586,54.49070739746094,0.0009863532613962889,4,0.0004997829004494675,2.5108721256256104
2825.210205078125,2762.28369140625,62.926597595214844,0.4977512061595917,2.150827407836914,0.4949338138103485,0.49249982833862305,0.4949338138103485,0.49249982833862305,54.46531677246094,0.0018070423975586891,5,0.0004996608098517571,2.5298385620117188
2777.38623046875,2714.288330078125,63.097957611083984,0.4955309331417084,2.1638360023498535,0.494233638048172,0.4917457699775696,0.494233638048172,0.4917457699775696,54.44081497192383,0.0028754500672221184,6,0.0004995116152859973,2.5057058334350586
2725.050537109375,2662.596923828125,62.45356750488281,0.49458640813827515,2.1335055828094482,0.4934815466403961,0.49117523431777954,0.4934815466403961,0.49117523431777954,54.41722869873047,0.004168991930782795,7,0.0004993353331130534,2.5044853687286377
2669.333251953125,2607.900146484375,61.43306350708008,0.49384739995002747,2.083958387374878,0.49268215894699097,0.49068161845207214,0.49268215894699097,0.49068161845207214,54.39459991455078,0.005665346514433622,8,0.0004991319826642524,2.5018060207366943
2614.346923828125,2552.13427734375,62.212562561035156,0.4942740797996521,2.122079849243164,0.49186086654663086,0.4902670383453369,0.49186086654663086,0.4902670383453369,54.37290954589844,0.0073374793864786625,9,0.0004989015862392623,2.500659704208374
2555.267578125,2493.70166015625,61.56586456298828,0.49540016055107117,2.0874929428100586,0.490982323884964,0.4900745153427124,0.490982323884964,0.4900745153427124,54.35216522216797,0.009160824120044708,10,0.0004986441691036477,2.5027220249176025
2494.749267578125,2433.60107421875,61.148284912109375,0.4964655935764313,2.064483165740967,0.4901275336742401,0.48996439576148987,0.4901275336742401,0.48996439576148987,54.332332611083984,0.0111133623868227,11,0.0004983597594860981,2.4995291233062744
2430.1982421875,2369.10986328125,61.088314056396484,0.49812009930610657,2.058175563812256,0.48942267894744873,0.4899153709411621,0.48942267894744873,0.4899153709411621,54.313419342041016,0.013174029998481274,12,0.0004980483885753333,2.5202133655548096
2365.453857421875,2306.25634765625,59.197471618652344,0.4992700517177582,1.9613336324691772,0.48879095911979675,0.48979443311691284,0.48879095911979675,0.48979443311691284,54.29537582397461,0.015323571860790253,13,0.0004977100905166823,2.495048761367798
2300.474365234375,2241.250244140625,59.22414779663086,0.4999472200870514,1.961313009262085,0.48817741870880127,0.4895818829536438,0.48817741870880127,0.4895818829536438,54.27819061279297,0.01754552125930786,14,0.0004973449024083396,2.5111429691314697
2237.95849609375,2178.248779296875,59.709835052490234,0.5032023191452026,1.979087233543396,0.48760223388671875,0.48935720324516296,0.48760223388671875,0.48935720324516296,54.26182174682617,0.019825592637062073,15,0.0004969528642972965,2.4999489784240723
2170.0576171875,2112.153076171875,57.9045295715332,0.5051268935203552,1.8849725723266602,0.4870029389858246,0.4890810549259186,0.4870029389858246,0.4890810549259186,54.24623107910156,0.022150998935103416,16,0.0004965340191749499,2.50136661529541
2104.338623046875,2047.4208984375,56.917625427246094,0.5070679783821106,1.8317452669143677,0.48631131649017334,0.48865899443626404,0.48631131649017334,0.48865899443626404,54.23139190673828,0.024512208998203278,17,0.0004960884129723872,2.816267728805542
2038.9541015625,1983.0145263671875,55.93960189819336,0.5088154673576355,1.7793492078781128,0.48554661870002747,0.48821258544921875,0.48554661870002747,0.48821258544921875,54.21725082397461,0.026902327314019203,18,0.0004956160945553504,2.5054407119750977
1977.1854248046875,1921.1610107421875,56.024391174316406,0.5122182369232178,1.7767831087112427,0.48471421003341675,0.4876134693622589,0.48471421003341675,0.4876134693622589,54.203765869140625,0.029318951070308685,19,0.0004951171157188761,2.5144083499908447
1913.563720703125,1858.85302734375,54.71065139770508,0.5139835476875305,1.707565426826477,0.4838404953479767,0.4870138168334961,0.4838404953479767,0.4870138168334961,54.1909065246582,0.03176315501332283,20,0.0004945915311816169,2.5037684440612793
1854.409423828125,1800.1842041015625,54.22528076171875,0.5125659108161926,1.6861321926116943,0.48286908864974976,0.4863271415233612,0.48286908864974976,0.4863271415233612,54.17859649658203,0.03424153849482536,21,0.00049403939857984,2.531397581100464
1798.458251953125,1744.3392333984375,54.11906433105469,0.5155881643295288,1.6747769117355347,0.4818565845489502,0.48555514216423035,0.4818565845489502,0.48555514216423035,54.16680908203125,0.036768216639757156,22,0.0004934607784611071,2.498988628387451
1743.866943359375,1690.5609130859375,53.30598831176758,0.5155940055847168,1.6341114044189453,0.48081764578819275,0.4848286509513855,0.48081764578819275,0.4848286509513855,54.155460357666016,0.03936637192964554,23,0.0004928557342776348,2.5006277561187744
1692.4466552734375,1640.0679931640625,52.37868881225586,0.5151662826538086,1.58860182762146,0.47984394431114197,0.4841424524784088,0.47984394431114197,0.4841424524784088,54.14449691772461,0.0420675128698349,24,0.0004922243323793361,2.509195327758789
1649.0274658203125,1596.779296875,52.248146057128906,0.5176571011543274,1.5770930051803589,0.47885945439338684,0.48354625701904297,0.47885945439338684,0.48354625701904297,54.13383865356445,0.04491492360830307,25,0.0004915666420065442,2.501444101333618
1607.4110107421875,1555.0008544921875,52.41018295288086,0.5112248659133911,1.5980595350265503,0.4779112935066223,0.4829782545566559,0.4779112935066223,0.4829782545566559,54.123409271240234,0.04796512424945831,26,0.0004908827352824202,2.495335578918457
1568.32421875,1517.7666015625,50.55763244628906,0.5099099278450012,1.5080618858337402,0.47698062658309937,0.4824690818786621,0.47698062658309937,0.4824690818786621,54.11310958862305,0.051291435956954956,27,0.0004901726872050432,2.500911235809326
1536.9344482421875,1486.1949462890625,50.73955535888672,0.5115883350372314,1.5138009786605835,0.47610342502593994,0.4821242094039917,0.47610342502593994,0.4821242094039917,54.10285186767578,0.0549679771065712,28,0.0004894365756391864,2.504084825515747
1509.0986328125,1458.9268798828125,50.17174530029297,0.5076488852500916,1.493289589881897,0.47531068325042725,0.48179367184638977,0.47531068325042725,0.48179367184638977,54.09257507324219,0.059064485132694244,29,0.0004886744813077783,2.5026774406433105
1485.0372314453125,1435.2872314453125,49.74998474121094,0.5040393471717834,1.4794204235076904,0.47451499104499817,0.4815424680709839,0.47451499104499817,0.4815424680709839,54.082244873046875,0.06362508237361908,30,0.0004878864877830503,2.495201826095581
1465.5501708984375,1415.3616943359375,50.18842697143555,0.501477062702179,1.506467342376709,0.47381582856178284,0.48146337270736694,0.47381582856178284,0.48146337270736694,54.0718879699707,0.06864792108535767,31,0.00048707268147737227,2.5012807846069336
1448.489013671875,1399.0706787109375,49.41837692260742,0.5049341917037964,1.4610505104064941,0.47311168909072876,0.4816555082798004,0.47311168909072876,0.4816555082798004,54.06150817871094,0.07413141429424286,32,0.00048623315163377637,2.5040440559387207
1434.010986328125,1384.2900390625,49.72091293334961,0.5032986998558044,1.4794481992721558,0.4724550247192383,0.4818367660045624,0.4724550247192383,0.4818367660045624,54.051109313964844,0.08005527406930923,33,0.0004853679903161706,2.8115808963775635
1421.3294677734375,1371.658935546875,49.67048263549805,0.5004184246063232,1.48268723487854,0.4718252420425415,0.48209530115127563,0.4718252420425415,0.48209530115127563,54.0406379699707,0.08644174784421921,34,0.0004844772923992429,2.4988913536071777
1410.771728515625,1361.034912109375,49.73675537109375,0.49895069003105164,1.4889365434646606,0.47129082679748535,0.4823669195175171,0.47129082679748535,0.4823669195175171,54.03004455566406,0.09330552071332932,35,0.0004835611555580572,2.4947097301483154
1401.0306396484375,1351.307861328125,49.7227668762207,0.49757030606269836,1.4909976720809937,0.4708274006843567,0.4828794598579407,0.4708274006843567,0.4828794598579407,54.019168853759766,0.10073655843734741,36,0.000482619680257342,2.5209298133850098
1393.8212890625,1343.8203125,50.00092315673828,0.5004668235778809,1.499112606048584,0.47043439745903015,0.48344799876213074,0.47043439745903015,0.48344799876213074,54.00777053833008,0.10885428637266159,37,0.0004816529697404735,2.505051374435425
1386.0589599609375,1336.7679443359375,49.2910041809082,0.4989050626754761,1.4667401313781738,0.4701334238052368,0.4838354289531708,0.4701334238052368,0.4838354289531708,53.995887756347656,0.11761297285556793,38,0.0004806611300181537,2.504309892654419
1381.7301025390625,1332.4031982421875,49.32691192626953,0.4912426769733429,1.4838601350784302,0.47000011801719666,0.48384273052215576,0.47000011801719666,0.48384273052215576,53.98370361328125,0.12686887383460999,39,0.00047964426985678513,2.5068647861480713
1377.223876953125,1328.19775390625,49.02614974975586,0.49008962512016296,1.4711283445358276,0.4699360430240631,0.4837702810764313,0.4699360430240631,0.4837702810764313,53.971317291259766,0.13651326298713684,40,0.00047860250076654353,2.4956798553466797
1372.5355224609375,1322.535400390625,50.0001220703125,0.48849737644195557,1.523011326789856,0.4698401093482971,0.4837743937969208,0.4698401093482971,0.4837743937969208,53.958744049072266,0.14650700986385345,41,0.0004775359369891493,2.5054550170898438
1367.3167724609375,1318.063720703125,49.253021240234375,0.4935204088687897,1.4756102561950684,0.46965017914772034,0.48381444811820984,0.46965017914772034,0.48381444811820984,53.946041107177734,0.15678197145462036,42,0.0004764446954853397,2.4997777938842773
1362.2037353515625,1312.59423828125,49.609474182128906,0.4933968782424927,1.4936800003051758,0.46936294436454773,0.48353108763694763,0.46936294436454773,0.48353108763694763,53.93326187133789,0.16726835072040558,43,0.0004753288959220428,2.4995763301849365
1356.188720703125,1307.615234375,48.57345199584961,0.4899309277534485,1.4488106966018677,0.4690098762512207,0.4830632209777832,0.4690098762512207,0.4830632209777832,53.92037582397461,0.17796574532985687,44,0.0004741886606592545,2.491877317428589
1351.22021484375,1302.5096435546875,48.71055221557617,0.4885711967945099,1.4583851099014282,0.46866104006767273,0.48252373933792114,0.46866104006767273,0.48252373933792114,53.907325744628906,0.18888981640338898,45,0.0004730241147366208,2.4993629455566406
1346.32470703125,1297.29931640625,49.02532958984375,0.48847517371177673,1.474316120147705,0.4683409035205841,0.48213261365890503,0.4683409035205841,0.48213261365890503,53.89408874511719,0.20002783834934235,46,0.0004718353858597254,2.5002083778381348
1340.7833251953125,1292.6009521484375,48.18239212036133,0.48887914419174194,1.4313613176345825,0.4679780900478363,0.4820105731487274,0.4679780900478363,0.4820105731487274,53.88056182861328,0.2114161252975464,47,0.0004706226043860853,2.500633478164673
1337.4627685546875,1288.5386962890625,48.92408752441406,0.49067243933677673,1.4648594856262207,0.4677567481994629,0.4819827377796173,0.4677567481994629,0.4819827377796173,53.86664962768555,0.22308814525604248,48,0.000469385903310856,2.506972074508667
1334.1832275390625,1285.4429931640625,48.740264892578125,0.4911196827888489,1.4547739028930664,0.467658668756485,0.48196765780448914,0.467658668756485,0.48196765780448914,53.852333068847656,0.2350291907787323,49,0.0004681254182522467,2.8087382316589355
1330.150634765625,1281.89306640625,48.257598876953125,0.48702138662338257,1.4388370513916016,0.4676230847835541,0.48184847831726074,0.4676230847835541,0.48184847831726074,53.83761978149414,0.24720650911331177,50,0.0004668412874366484,2.4938879013061523
1326.9327392578125,1278.9415283203125,47.9911994934082,0.4847087562084198,1.4301424026489258,0.46763598918914795,0.4818432033061981,0.46763598918914795,0.4818432033061981,53.822509765625,0.25958505272865295,51,0.00046553365168347586,2.4976913928985596
1325.88037109375,1276.50927734375,49.371116638183594,0.486682265996933,1.4951914548873901,0.4676699936389923,0.4820901155471802,0.4676699936389923,0.4820901155471802,53.80701446533203,0.27214866876602173,52,0.0004642026543897252,2.5109002590179443
1322.50634765625,1273.9339599609375,48.572330474853516,0.48922526836395264,1.45016610622406,0.4677956700325012,0.48259425163269043,0.4677956700325012,0.48259425163269043,53.791194915771484,0.2848569452762604,53,0.0004628484415142487,2.4986443519592285
1320.2384033203125,1271.6292724609375,48.60913848876953,0.49069228768348694,1.449072241783142,0.46795064210891724,0.4830147624015808,0.46795064210891724,0.4830147624015808,53.775054931640625,0.29769179224967957,54,0.0004614711615617486,2.4946448802948
1317.96142578125,1269.861572265625,48.09980392456055,0.4865832030773163,1.43182373046875,0.4680182635784149,0.48324859142303467,0.4680182635784149,0.48324859142303467,53.758487701416016,0.31068161129951477,55,0.0004600709655664923,2.493236780166626
1316.670654296875,1268.1204833984375,48.5501823425293,0.4858822524547577,1.4557445049285889,0.4679757356643677,0.4836257994174957,0.4679757356643677,0.4836257994174957,53.741519927978516,0.3238019347190857,56,0.00045864800707574947,2.502347707748413
1314.4752197265625,1266.6678466796875,47.807395935058594,0.48776888847351074,1.4148321151733398,0.4678141176700592,0.4842352271080017,0.4678141176700592,0.4842352271080017,53.724082946777344,0.3370715379714966,57,0.00045720244213295387,2.496828556060791
1314.1336669921875,1266.0050048828125,48.128631591796875,0.49080097675323486,1.4248296022415161,0.4678380489349365,0.484878271818161,0.4678380489349365,0.484878271818161,53.70624923706055,0.35045409202575684,58,0.0004557344292605916,2.4943299293518066
1312.56103515625,1264.4677734375,48.09326171875,0.49040597677230835,1.4238511323928833,0.46796372532844543,0.4854167401790619,0.46796372532844543,0.4854167401790619,53.68804931640625,0.3639304041862488,59,0.00045424412944281695,2.50020432472229
1311.9423828125,1263.607666015625,48.33466339111328,0.4921593964099884,1.4324144124984741,0.46809065341949463,0.48591914772987366,0.46809065341949463,0.48591914772987366,53.66967010498047,0.37741902470588684,60,0.0004527317061077993,2.4889092445373535
1311.245849609375,1263.2303466796875,48.01548767089844,0.4946470558643341,1.4114803075790405,0.4682789444923401,0.48659124970436096,0.4682789444923401,0.48659124970436096,53.65121078491211,0.39087939262390137,61,0.00045119732510980065,2.495007038116455
1310.372802734375,1262.3997802734375,47.97306823730469,0.4948548674583435,1.408943772315979,0.4680412709712982,0.4869062900543213,0.4680412709712982,0.4869062900543213,53.63260269165039,0.40434011816978455,62,0.00044964115471098835,2.487901449203491
1310.5205078125,1262.3453369140625,48.175193786621094,0.49289679527282715,1.4229660034179688,0.46805551648139954,0.4873710572719574,0.46805551648139954,0.4873710572719574,53.613765716552734,0.4178367555141449,63,0.0004480633655629831,2.492830276489258
1309.372314453125,1261.6522216796875,47.7200927734375,0.49554243683815,1.3949198722839355,0.4682326316833496,0.48801976442337036,0.4682326316833496,0.48801976442337036,53.59530258178711,0.4310707151889801,64,0.00044646413068814513,2.485602378845215
1308.7435302734375,1261.0074462890625,47.736061096191406,0.49525636434555054,1.3962905406951904,0.4681931734085083,0.48835763335227966,0.4681931734085083,0.48835763335227966,53.57596969604492,0.4445399343967438,65,0.0004448436254606001,2.808279037475586
1309.0574951171875,1261.3255615234375,47.73197937011719,0.4936610162258148,1.3992770910263062,0.4681391716003418,0.4887421727180481,0.4681391716003418,0.4887421727180481,53.557098388671875,0.45769616961479187,66,0.0004432020275870076,2.497189521789551
1307.87109375,1260.24658203125,47.624473571777344,0.49604716897010803,1.389129400253296,0.4683002829551697,0.4893082082271576,0.4683002829551697,0.4893082082271576,53.53778076171875,0.470986932516098,67,0.0004415395170870738,2.487809181213379
1307.5721435546875,1260.2686767578125,47.303409576416016,0.4931408762931824,1.3788888454437256,0.4686669707298279,0.4897018074989319,0.4686669707298279,0.4897018074989319,53.51897048950195,0.4839443564414978,68,0.0004398562762738095,2.496380090713501
1307.7740478515625,1260.0008544921875,47.773223876953125,0.49210426211357117,1.4044526815414429,0.46875137090682983,0.48988017439842224,0.46875137090682983,0.48988017439842224,53.500423431396484,0.49670690298080444,69,0.00043815248973353853,2.503743886947632
1307.26171875,1259.626708984375,47.63500213623047,0.4919809103012085,1.397788405418396,0.46871718764305115,0.49019473791122437,0.46871718764305115,0.49019473791122437,53.48170471191406,0.5095025300979614,70,0.0004364283443056549,2.47898268699646
1306.9052734375,1259.807861328125,47.09745788574219,0.4935542643070221,1.3677644729614258,0.46890145540237427,0.4907270669937134,0.46890145540237427,0.4907270669937134,53.46331787109375,0.5220614075660706,71,0.000434684029062134,2.49406361579895
1306.515625,1259.2174072265625,47.29824447631836,0.4973072111606598,1.370297908782959,0.469069242477417,0.49118971824645996,0.469069242477417,0.49118971824645996,53.44521713256836,0.5344056487083435,72,0.00043291973528679915,2.494325876235962
1305.9385986328125,1258.7725830078125,47.16600799560547,0.4951230585575104,1.3680542707443237,0.4692035913467407,0.4914473295211792,0.4692035913467407,0.4914473295211792,53.4267463684082,0.546894907951355,73,0.0004311356564543444,2.5257859230041504
1305.651123046875,1258.595947265625,47.05519104003906,0.49490973353385925,1.3629400730133057,0.4695815443992615,0.4917883574962616,0.4695815443992615,0.4917883574962616,53.40849685668945,0.5592133402824402,74,0.0004293319882091186,2.500805377960205
1305.5323486328125,1258.4766845703125,47.05569839477539,0.4964841902256012,1.359816551208496,0.469804048538208,0.492067813873291,0.469804048538208,0.492067813873291,53.39036560058594,0.5714155435562134,75,0.0004275089283436703,2.50989031791687
1305.5743408203125,1258.2825927734375,47.291717529296875,0.49680063128471375,1.370984673500061,0.4697118401527405,0.4921703040599823,0.4697118401527405,0.4921703040599823,53.37272262573242,0.5832917094230652,76,0.0004256666767770578,2.503976583480835
1304.8555908203125,1258.1435546875,46.711997985839844,0.49614834785461426,1.3433032035827637,0.4696842133998871,0.4924258887767792,0.4696842133998871,0.4924258887767792,53.355247497558594,0.5950281023979187,77,0.00042380543553292545,2.4894402027130127
1304.5484619140625,1257.543701171875,47.0047607421875,0.4964374005794525,1.3573633432388306,0.46988752484321594,0.49283185601234436,0.46988752484321594,0.49283185601234436,53.33768081665039,0.6067734956741333,78,0.00042192540871735024,2.499863624572754
1304.29248046875,1257.728515625,46.56402587890625,0.49596092104911804,1.3362795114517212,0.47016867995262146,0.49309438467025757,0.47016867995262146,0.49309438467025757,53.31968688964844,0.6186979413032532,79,0.0004200268024964583,2.7405431270599365
1303.4881591796875,1256.94091796875,46.547237396240234,0.49495306611061096,1.3374556303024292,0.47038546204566956,0.49330148100852966,0.47038546204566956,0.49330148100852966,53.301246643066406,0.6308000683784485,80,0.00041810982507381716,2.500391960144043
1303.959228515625,1257.1539306640625,46.80534744262695,0.4981219172477722,1.344023585319519,0.4705658257007599,0.49362820386886597,0.4705658257007599,0.49362820386886597,53.28303146362305,0.6427233219146729,81,0.0004161746866676036,2.4942429065704346
1303.24169921875,1256.6319580078125,46.60980224609375,0.4993281662464142,1.3318337202072144,0.4706019163131714,0.49390050768852234,0.4706019163131714,0.49390050768852234,53.2645263671875,0.654737651348114,82,0.0004142215994875509,2.4958817958831787
1302.815185546875,1256.605712890625,46.20941925048828,0.4949507713317871,1.320569396018982,0.47061941027641296,0.4939204454421997,0.47061941027641296,0.4939204454421997,53.24644088745117,0.6664764881134033,83,0.0004122507777116775,2.5013015270233154
1302.7021484375,1256.3828125,46.31927490234375,0.4940705895423889,1.3278225660324097,0.47089454531669617,0.494021475315094,0.47089454531669617,0.494021475315094,53.22877883911133,0.6779265999794006,84,0.00041026243746280046,2.505497694015503
1302.780517578125,1255.62890625,47.151580810546875,0.49581536650657654,1.3659483194351196,0.4713265895843506,0.4942571818828583,0.4713265895843506,0.4942571818828583,53.211585998535156,0.6890618205070496,85,0.0004082567967848345,2.494997262954712
1302.271240234375,1255.6590576171875,46.612152099609375,0.49637147784233093,1.3378647565841675,0.47150716185569763,0.4944841265678406,0.47150716185569763,0.4944841265678406,53.19468307495117,0.6999927163124084,86,0.0004062340756188816,2.4837286472320557
1301.6817626953125,1255.3861083984375,46.29561996459961,0.4961942136287689,1.3223925828933716,0.47169381380081177,0.494709312915802,0.47169381380081177,0.494709312915802,53.178062438964844,0.7107207179069519,87,0.0004041944957791115,2.4980099201202393
1300.8173828125,1254.6358642578125,46.18149185180664,0.4950592815876007,1.3189560174942017,0.4719500243663788,0.4950161874294281,0.4719500243663788,0.4950161874294281,53.16081237792969,0.7217376828193665,88,0.0004021382809284376,2.494957685470581
1300.6085205078125,1254.43505859375,46.173404693603516,0.4941246211528778,1.3204209804534912,0.4722558856010437,0.4953095018863678,0.4722558856010437,0.4953095018863678,53.14401626586914,0.7324675917625427,89,0.0004000656565539897,2.4969322681427
1300.3197021484375,1254.123291015625,46.19644546508789,0.49536702036857605,1.319088339805603,0.47239989042282104,0.49548855423927307,0.47239989042282104,0.49548855423927307,53.127105712890625,0.7432233095169067,90,0.00039797684994238684,2.805192708969116
1300.4775390625,1254.2325439453125,46.24500274658203,0.49514371156692505,1.321962594985962,0.47235429286956787,0.4954835772514343,0.47235429286956787,0.4954835772514343,53.110599517822266,0.7537035346031189,91,0.0003958720901548127,2.4996564388275146
1299.512451171875,1253.5560302734375,45.95646286010742,0.4932716488838196,1.3112798929214478,0.47251635789871216,0.4955933094024658,0.47251635789871216,0.4955933094024658,53.094482421875,0.7639390230178833,92,0.0003937516080018966,2.4988222122192383
1299.2176513671875,1253.1014404296875,46.116241455078125,0.49602019786834717,1.3137717247009277,0.47284063696861267,0.4958876669406891,0.47284063696861267,0.4958876669406891,53.07707977294922,0.7747573256492615,93,0.0003916156360184021,2.4979960918426514
1298.61474609375,1252.608154296875,46.00658416748047,0.49451929330825806,1.3112905025482178,0.4729456305503845,0.4961390197277069,0.4729456305503845,0.4961390197277069,53.05910110473633,0.7858173251152039,94,0.0003894644084377274,2.4921722412109375
1298.3577880859375,1252.4429931640625,45.9148063659668,0.4924239218235016,1.3108925819396973,0.47293683886528015,0.49623778462409973,0.47293683886528015,0.49623778462409973,53.0409049987793,0.7969286441802979,95,0.00038729816116621894,2.5039215087890625
1298.12451171875,1251.9656982421875,46.158756256103516,0.49317675828933716,1.3215843439102173,0.4730478823184967,0.4964792728424072,0.4730478823184967,0.4964792728424072,53.02185821533203,0.808368980884552,96,0.0003851171317573014,2.4983739852905273
1297.8570556640625,1251.4649658203125,46.39208984375,0.49387454986572266,1.331855297088623,0.4731181263923645,0.4966951608657837,0.4731181263923645,0.4966951608657837,53.003387451171875,0.8194576501846313,97,0.0003829215593854275,2.514287233352661
1297.2816162109375,1251.02880859375,46.252803802490234,0.49245429039001465,1.327731728553772,0.47303223609924316,0.49688899517059326,0.47303223609924316,0.49688899517059326,52.98482894897461,0.830514669418335,98,0.00038071168481984953,2.497121572494507
1297.1170654296875,1251.0831298828125,46.033897399902344,0.4920775890350342,1.3175396919250488,0.47294771671295166,0.4971505105495453,0.47294771671295166,0.4971505105495453,52.96693420410156,0.8411780595779419,99,0.0003784877503982167,2.5064191818237305
1296.4989013671875,1250.5364990234375,45.96244812011719,0.49376851320266724,1.3105852603912354,0.4730437397956848,0.4975503385066986,0.4730437397956848,0.4975503385066986,52.94949722290039,0.8515515923500061,100,0.0003762499999999998,2.4955034255981445
1296.2279052734375,1250.249267578125,45.978668212890625,0.49401745200157166,1.3108985424041748,0.4732356071472168,0.4978383183479309,0.4732356071472168,0.4978383183479309,52.93259811401367,0.8615968823432922,101,0.0003739986790197472,2.7549188137054443
1295.5672607421875,1249.7786865234375,45.788536071777344,0.4922753572463989,1.3048762083053589,0.47321975231170654,0.4980562925338745,0.47321975231170654,0.4980562925338745,52.91579055786133,0.8715513348579407,102,0.00037173403434017434,2.4925107955932617
1295.4208984375,1249.7952880859375,45.62559509277344,0.48994335532188416,1.3013931512832642,0.4731157720088959,0.49816468358039856,0.4731157720088959,0.49816468358039856,52.89922332763672,0.8813462853431702,103,0.00036945631430509074,2.49627685546875
1295.5235595703125,1249.6966552734375,45.82693099975586,0.49187377095222473,1.3075989484786987,0.4731067717075348,0.49843695759773254,0.4731067717075348,0.49843695759773254,52.88318634033203,0.8908239603042603,104,0.00036716576869216566,2.5294439792633057
1294.9136962890625,1249.26171875,45.65195083618164,0.4922890365123749,1.298019528388977,0.4732651710510254,0.4988769590854645,0.4732651710510254,0.4988769590854645,52.86723327636719,0.9002186059951782,105,0.00036486264868553766,2.4842021465301514
1295.0850830078125,1249.2435302734375,45.841556549072266,0.493157297372818,1.3057631254196167,0.47349902987480164,0.49935203790664673,0.47349902987480164,0.49935203790664673,52.851768493652344,0.9093236327171326,106,0.00036254720684826937,2.510852575302124
1294.2427978515625,1248.9052734375,45.337467193603516,0.49271082878112793,1.2814515829086304,0.4735753536224365,0.49965202808380127,0.4735753536224365,0.49965202808380127,52.83680725097656,0.9181328415870667,107,0.00036021969709465094,2.4820353984832764
1294.49560546875,1248.5655517578125,45.930023193359375,0.4929143786430359,1.310672402381897,0.4735940992832184,0.4998999834060669,0.4735940992832184,0.4998999834060669,52.82185745239258,0.9269136786460876,108,0.0003578803746623553,2.495126247406006
1293.9691162109375,1248.4998779296875,45.469276428222656,0.49413976073265076,1.2851841449737549,0.47365865111351013,0.5000909566879272,0.47365865111351013,0.5000909566879272,52.807456970214844,0.9353715777397156,109,0.00035552949608444917,2.49577260017395
1294.2188720703125,1248.43310546875,45.78582000732422,0.4952974021434784,1.2986961603164673,0.4738098084926605,0.5003229379653931,0.4738098084926605,0.5003229379653931,52.79363250732422,0.9434933066368103,110,0.0003531673191612604,2.5103962421417236
1293.8973388671875,1248.037109375,45.8602180480957,0.49630486965179443,1.300401210784912,0.4740338623523712,0.500564455986023,0.4740338623523712,0.500564455986023,52.779659271240234,0.9516767263412476,111,0.00035079410293210807,2.4815211296081543
1293.3935546875,1247.956787109375,45.43671417236328,0.4925451874732971,1.286745548248291,0.47433680295944214,0.5007880926132202,0.47433680295944214,0.5007880926132202,52.76613235473633,0.9596039056777954,112,0.00034841010764689536,2.504507064819336
1293.14208984375,1247.8310546875,45.3110466003418,0.4918801486492157,1.2817919254302979,0.4746847450733185,0.5010285377502441,0.4746847450733185,0.5010285377502441,52.7525520324707,0.9675413370132446,113,0.0003460155947375705,2.4993300437927246
1293.132080078125,1247.6185302734375,45.51361083984375,0.49315693974494934,1.2893667221069336,0.47489070892333984,0.5012455582618713,0.47489070892333984,0.5012455582618713,52.73918151855469,0.9753514528274536,114,0.00034361082678945775,2.4962844848632812
1292.5777587890625,1247.2335205078125,45.344242095947266,0.4926694333553314,1.281873345375061,0.47505250573158264,0.5014337301254272,0.47505250573158264,0.5014337301254272,52.725990295410156,0.9830554723739624,115,0.00034119606751246165,2.498274803161621
1292.843994140625,1247.2000732421875,45.64396667480469,0.4924612045288086,1.2972761392593384,0.4751855134963989,0.5016429424285889,0.4751855134963989,0.5016429424285889,52.71210861206055,0.9910972714424133,116,0.0003387715817121492,2.782069444656372
1292.67529296875,1247.123779296875,45.55146026611328,0.49333417415618896,1.2909048795700073,0.47533512115478516,0.5018519759178162,0.47533512115478516,0.5018519759178162,52.6976432800293,0.9994314908981323,117,0.00033633763526070957,2.495789051055908
1292.84814453125,1247.1207275390625,45.7274169921875,0.49692845344543457,1.2925138473510742,0.47561517357826233,0.5021474957466125,0.47561517357826233,0.5021474957466125,52.683048248291016,1.007805347442627,118,0.00033389449506779925,2.495396852493286
1292.11767578125,1246.5889892578125,45.52872085571289,0.49457186460494995,1.2872923612594604,0.4759298861026764,0.5023815631866455,0.4759298861026764,0.5023815631866455,52.66791534423828,1.0164352655410767,119,0.00033144242905127226,2.4867124557495117
1292.2547607421875,1246.5928955078125,45.661869049072266,0.4946640133857727,1.2937654256820679,0.4762076735496521,0.5025748610496521,0.4762076735496521,0.5025748610496521,52.65296173095703,1.0249427556991577,120,0.00032898170610779946,2.497769594192505
1291.87841796875,1246.47900390625,45.39945983886719,0.4934447109699249,1.2830835580825806,0.4764751195907593,0.5027612447738647,0.4764751195907593,0.5027612447738647,52.63772201538086,1.033572793006897,121,0.00032651259608338143,2.477155923843384
1291.635498046875,1246.405029296875,45.230525970458984,0.4946286976337433,1.2722688913345337,0.4767507314682007,0.5030871033668518,0.4767507314682007,0.5030871033668518,52.62291717529297,1.0419522523880005,122,0.0003240353697437567,2.5038907527923584
1291.6927490234375,1246.0205078125,45.67218780517578,0.49495929479599,1.2936906814575195,0.4771164655685425,0.5035183429718018,0.4771164655685425,0.5035183429718018,52.608455657958984,1.0501384735107422,123,0.00032155029874470924,2.494265556335449
1291.2781982421875,1245.85107421875,45.42707824707031,0.4956166446208954,1.2801207304000854,0.47754260897636414,0.5039650797843933,0.47754260897636414,0.5039650797843933,52.59421920776367,1.058188557624817,124,0.0003190576556022782,2.4841556549072266
1290.7149658203125,1245.494140625,45.22079086303711,0.49575427174568176,1.269531011581421,0.4779493510723114,0.5043001174926758,0.4779493510723114,0.5043001174926758,52.579994201660156,1.0662169456481934,125,0.00031655771366287394,2.4981024265289307
1290.693603515625,1245.5838623046875,45.109779357910156,0.49495914578437805,1.2655706405639648,0.4782732129096985,0.5046235918998718,0.4782732129096985,0.5046235918998718,52.564876556396484,1.0746526718139648,126,0.0003140507470733015,2.4964935779571533
1290.982421875,1245.2935791015625,45.68886184692383,0.4979281425476074,1.2885868549346924,0.4786388576030731,0.5049321055412292,0.4786388576030731,0.5049321055412292,52.5495491027832,1.0831639766693115,127,0.0003115370307506988,2.496201753616333
1290.2918701171875,1245.1815185546875,45.110313415527344,0.4954710006713867,1.264573574066162,0.4790761470794678,0.5053473711013794,0.4790761470794678,0.5053473711013794,52.53383255004883,1.0918347835540771,128,0.0003090168403523873,2.7515289783477783
1290.0914306640625,1244.8651123046875,45.226318359375,0.49618974328041077,1.268936276435852,0.47957152128219604,0.5057908892631531,0.47957152128219604,0.5057908892631531,52.517642974853516,1.1007050275802612,129,0.00030649045224564434,2.4992635250091553
1289.939697265625,1244.7225341796875,45.21721267700195,0.4962429702281952,1.2683748006820679,0.47997787594795227,0.5060893893241882,0.47997787594795227,0.5060893893241882,52.50194549560547,1.109291434288025,130,0.00030395814347739544,2.4915690422058105
1289.806396484375,1244.681884765625,45.12449264526367,0.4966985285282135,1.2628276348114014,0.48042288422584534,0.5064390897750854,0.48042288422584534,0.5064390897750854,52.48652648925781,1.1177119016647339,131,0.00030142019174383364,2.491438150405884
1289.8082275390625,1244.5966796875,45.211490631103516,0.49788206815719604,1.2648104429244995,0.4809839725494385,0.5069365501403809,0.4809839725494385,0.5069365501403809,52.47176742553711,1.1257762908935547,132,0.00029887687535996686,2.5138182640075684
1289.3150634765625,1244.2706298828125,45.04446029663086,0.4975883960723877,1.2570463418960571,0.48144787549972534,0.5073505640029907,0.48144787549972534,0.5073505640029907,52.45728302001953,1.133682131767273,133,0.00029632847322909686,2.482560157775879
1289.7025146484375,1244.4603271484375,45.24214172363281,0.4986342787742615,1.2648385763168335,0.4818291664123535,0.5076323747634888,0.4818291664123535,0.5076323747634888,52.44304656982422,1.1414393186569214,134,0.00029377526481223526,2.5024161338806152
1289.05078125,1243.80126953125,45.249549865722656,0.5002737641334534,1.2619298696517944,0.48220041394233704,0.5078746676445007,0.48220041394233704,0.5078746676445007,52.4287223815918,1.149223804473877,135,0.0002912175300974571,2.4834983348846436
1288.4510498046875,1243.8013916015625,44.649662017822266,0.5005385875701904,1.2314059734344482,0.48256218433380127,0.5080903768539429,0.48256218433380127,0.5080903768539429,52.414737701416016,1.1568158864974976,136,0.00028865554956919687,2.4994421005249023
1288.6761474609375,1243.503173828125,45.17293930053711,0.501154899597168,1.256337285041809,0.48297491669654846,0.5084093809127808,0.48297491669654846,0.5084093809127808,52.40032196044922,1.1645904779434204,137,0.0002860896041774903,2.525859832763672
1288.1373291015625,1243.47802734375,44.65931701660156,0.4992145001888275,1.2345370054244995,0.4834071099758148,0.508823812007904,0.4834071099758148,0.508823812007904,52.38632583618164,1.1721291542053223,138,0.0002835199753071653,2.49263334274292
1287.79541015625,1243.231201171875,44.564205169677734,0.49923187494277954,1.2297464609146118,0.48380792140960693,0.509037971496582,0.48380792140960693,0.509037971496582,52.37252426147461,1.1795527935028076,139,0.0002809469447469845,2.498440980911255
1288.031982421875,1243.2196044921875,44.81238555908203,0.5012956261634827,1.238027811050415,0.4841381311416626,0.509107232093811,0.4841381311416626,0.509107232093811,52.359153747558594,1.1867456436157227,140,0.00027837079465874425,2.51088809967041
1287.9334716796875,1243.064697265625,44.86874008178711,0.5013452768325806,1.2407464981079102,0.48444265127182007,0.5092439651489258,0.48444265127182007,0.5092439651489258,52.345882415771484,1.1938600540161133,141,0.0002757918075463323,2.4875614643096924
1287.470703125,1242.6593017578125,44.81143569946289,0.5016509294509888,1.2372698783874512,0.4847717881202698,0.5094555020332336,0.4847717881202698,0.5094555020332336,52.33270263671875,1.2009154558181763,142,0.00027321026622474805,2.4917538166046143
1286.78076171875,1242.456787109375,44.323978424072266,0.5035216212272644,1.209155797958374,0.48508837819099426,0.509734034538269,0.48508837819099426,0.509734034538269,52.319583892822266,1.2079272270202637,143,0.0002706264537890888,2.502653121948242
1286.5281982421875,1242.0921630859375,44.435977935791016,0.5059253573417664,1.2099480628967285,0.48554083704948425,0.5099157094955444,0.48554083704948425,0.5099157094955444,52.30672073364258,1.2147923707962036,144,0.00026804065358350507,2.5000405311584473
1286.5430908203125,1242.266845703125,44.2762565612793,0.5054968595504761,1.2028192281723022,0.4859841465950012,0.5101175904273987,0.4859841465950012,0.5101175904273987,52.2938117980957,1.221669316291809,145,0.00026545314917012864,2.50042724609375
1286.480224609375,1241.940185546875,44.5400390625,0.5058579444885254,1.2152860164642334,0.4865023195743561,0.5102913975715637,0.4865023195743561,0.5102913975715637,52.28128433227539,1.2283406257629395,146,0.0002628642242979769,2.4889283180236816
1286.52099609375,1242.073486328125,44.447471618652344,0.5054271817207336,1.2115191221237183,0.4870316684246063,0.5103691816329956,0.4870316684246063,0.5103691816329956,52.269161224365234,1.234794020652771,147,0.0002602741628718367,2.500666856765747
1285.782958984375,1241.640380859375,44.1425666809082,0.5070529580116272,1.19302237033844,0.4874882102012634,0.5105572938919067,0.4874882102012634,0.5105572938919067,52.257389068603516,1.241056203842163,148,0.0002576832489211308,2.496109962463379
1285.9144287109375,1241.5885009765625,44.32597351074219,0.5061057209968567,1.204087257385254,0.48782286047935486,0.5108794569969177,0.48782286047935486,0.5108794569969177,52.246055603027344,1.2470879554748535,149,0.0002550917665687708,2.4983913898468018
1285.486083984375,1241.3421630859375,44.14396667480469,0.5065366625785828,1.1941250562667847,0.48811888694763184,0.51102614402771,0.48811888694763184,0.51102614402771,52.235130310058594,1.252902865409851,150,0.00025249999999999996,2.482264995574951
1285.2203369140625,1241.204833984375,44.01548385620117,0.5077205896377563,1.1853331327438354,0.4883858263492584,0.5110353827476501,0.4883858263492584,0.5110353827476501,52.22405242919922,1.2587826251983643,151,0.0002499082334312291,2.4935171604156494
1284.997314453125,1241.1209716796875,43.87638854980469,0.5081373453140259,1.1775447130203247,0.4887712895870209,0.511064887046814,0.4887712895870209,0.511064887046814,52.21339797973633,1.2644339799880981,152,0.00024731675107886916,2.4951083660125732
1284.924072265625,1240.97802734375,43.94606018066406,0.5082001090049744,1.1809028387069702,0.48911944031715393,0.5111321806907654,0.48911944031715393,0.5111321806907654,52.202354431152344,1.2702643871307373,153,0.0002447258371281632,2.4921927452087402
1284.567138671875,1240.78271484375,43.78443908691406,0.5110405683517456,1.1671407222747803,0.4895506203174591,0.5114141702651978,0.4895506203174591,0.5114141702651978,52.191410064697266,1.2760361433029175,154,0.000242135775702023,2.503990888595581
1284.4044189453125,1240.5435791015625,43.86085510253906,0.5103664994239807,1.1723098754882812,0.4898790121078491,0.5115399956703186,0.4898790121078491,0.5115399956703186,52.180118560791016,1.2819666862487793,155,0.0002395468508298713,2.789768695831299
1284.30859375,1240.52490234375,43.78369140625,0.5116766691207886,1.1658313274383545,0.49007874727249146,0.5113798379898071,0.49007874727249146,0.5113798379898071,52.168636322021484,1.2879767417907715,156,0.0002369593464164949,2.4933969974517822
1284.0701904296875,1240.29248046875,43.77775192260742,0.5093129873275757,1.1702617406845093,0.49042099714279175,0.5112767815589905,0.49042099714279175,0.5112767815589905,52.157020568847656,1.2940441370010376,157,0.0002343735462109111,2.5013556480407715
1283.992919921875,1240.1070556640625,43.88587951660156,0.5087966322898865,1.1767005920410156,0.4907599091529846,0.5113192200660706,0.4907599091529846,0.5113192200660706,52.1450309753418,1.3002747297286987,158,0.00023178973377525178,2.495515823364258
1283.60791015625,1239.9794921875,43.628387451171875,0.5087942481040955,1.1638308763504028,0.4909340739250183,0.5113986730575562,0.4909340739250183,0.5113986730575562,52.132957458496094,1.3065264225006104,159,0.00022920819245366756,2.5001060962677
1283.6668701171875,1239.692138671875,43.974700927734375,0.5117295980453491,1.1752758026123047,0.4910224974155426,0.5114211440086365,0.4910224974155426,0.5114211440086365,52.121124267578125,1.3126490116119385,160,0.00022662920534125567,2.4969334602355957
1283.953125,1239.87255859375,44.08051300048828,0.5092211365699768,1.1855833530426025,0.4912866950035095,0.5113599300384521,0.4912866950035095,0.5113599300384521,52.10966110229492,1.3185780048370361,161,0.0002240530552530154,2.4829037189483643
1282.94287109375,1239.30712890625,43.635704040527344,0.5089967846870422,1.1637916564941406,0.49154219031333923,0.5113397240638733,0.49154219031333923,0.5113397240638733,52.09798049926758,1.3245974779129028,162,0.00022148002469283456,2.495534658432007
1282.840576171875,1239.2806396484375,43.559879302978516,0.5092931985855103,1.159407615661621,0.4918489158153534,0.5112348198890686,0.4918489158153534,0.5112348198890686,52.08650588989258,1.330497145652771,163,0.0002189103958225095,2.4961330890655518
1282.432861328125,1238.999755859375,43.43315124511719,0.5090780854225159,1.1535015106201172,0.4920497238636017,0.5112285017967224,0.4920497238636017,0.5112285017967224,52.075096130371094,1.3363568782806396,164,0.00021634445043080302,2.4991960525512695
1282.458984375,1238.9227294921875,43.53619384765625,0.5087452530860901,1.159319281578064,0.4922410547733307,0.5113047361373901,0.4922410547733307,0.5113047361373901,52.06390380859375,1.3420974016189575,165,0.00021378246990254275,2.5009899139404297
1282.51513671875,1239.01220703125,43.50290298461914,0.5089326500892639,1.1572797298431396,0.4924622178077698,0.5113350749015808,0.4924622178077698,0.5113350749015808,52.05290985107422,1.3477250337600708,166,0.00021122473518776446,2.494798421859741
1282.4432373046875,1238.5997314453125,43.84345626831055,0.5125599503517151,1.1670528650283813,0.4926842451095581,0.5112427473068237,0.4926842451095581,0.5112427473068237,52.041805267333984,1.3533945083618164,167,0.00020867152677090297,2.758283853530884
1282.5936279296875,1238.8170166015625,43.776580810546875,0.5102649927139282,1.1682989597320557,0.492998868227005,0.5112136602401733,0.492998868227005,0.5112136602401733,52.03096008300781,1.3589216470718384,168,0.000206123124640033,2.493666648864746
1282.072265625,1238.33642578125,43.7358283996582,0.5075708627700806,1.1716498136520386,0.4932591915130615,0.5113258361816406,0.4932591915130615,0.5113258361816406,52.020233154296875,1.364373803138733,169,0.0002035798082561661,2.478602170944214
1281.768310546875,1238.139404296875,43.62886428833008,0.5090135931968689,1.1634160280227661,0.4934203624725342,0.5114642977714539,0.4934203624725342,0.5114642977714539,52.009708404541016,1.3697274923324585,170,0.0002010418565226044,2.518869400024414
1281.599365234375,1237.9405517578125,43.65882110595703,0.5111746788024902,1.16059148311615,0.4934784471988678,0.5115689039230347,0.4934784471988678,0.5115689039230347,51.99919891357422,1.3750560283660889,171,0.00019850954775435558,2.4962615966796875
1281.4654541015625,1237.9569091796875,43.508583068847656,0.5124517679214478,1.1505255699157715,0.4934307932853699,0.5117605924606323,0.4934307932853699,0.5117605924606323,51.98890686035156,1.3802769184112549,172,0.0001959831596476126,2.4993834495544434
1281.6341552734375,1237.762939453125,43.871185302734375,0.5128801465034485,1.1677988767623901,0.49353864789009094,0.5118870139122009,0.49353864789009094,0.5118870139122009,51.97903823852539,1.385284662246704,173,0.00019346296924930114,2.4954867362976074
1281.16162109375,1237.4642333984375,43.69732666015625,0.512391209602356,1.1600840091705322,0.4936642646789551,0.5118997693061829,0.4936642646789551,0.5118997693061829,51.9694709777832,1.3901416063308716,174,0.00019094925292669835,2.478285074234009
1281.2686767578125,1237.4649658203125,43.8037109375,0.5116416215896606,1.1669023036956787,0.4936823546886444,0.5118576288223267,0.4936823546886444,0.5118576288223267,51.95998001098633,1.3949494361877441,175,0.00018844228633712603,2.4944264888763428
1280.73095703125,1237.2567138671875,43.474266052246094,0.5115167498588562,1.150679588317871,0.4936310350894928,0.5118345022201538,0.4936310350894928,0.5118345022201538,51.950592041015625,1.399698257446289,176,0.0001859423443977217,2.4842941761016846
1280.8944091796875,1237.491943359375,43.402488708496094,0.5121561884880066,1.1458120346069336,0.493706613779068,0.5118887424468994,0.493706613779068,0.5118887424468994,51.94150924682617,1.4042915105819702,177,0.0001834497012552906,2.5002222061157227
1280.71728515625,1237.082275390625,43.63502502441406,0.5118848085403442,1.157981514930725,0.4939053952693939,0.5119327306747437,0.4939053952693939,0.5119327306747437,51.93241500854492,1.4088793992996216,178,0.0001809646302562431,2.4869377613067627
1280.2935791015625,1237.0126953125,43.28086853027344,0.5094656944274902,1.145112156867981,0.4940037727355957,0.5120183229446411,0.4940037727355957,0.5120183229446411,51.923500061035156,1.413374900817871,179,0.00017848740391661843,2.4919064044952393
1280.314697265625,1236.9156494140625,43.39904022216797,0.5090325474739075,1.1518867015838623,0.49391812086105347,0.511935293674469,0.49391812086105347,0.511935293674469,51.914794921875,1.4177602529525757,180,0.00017601829389220038,2.505232095718384
1280.4022216796875,1236.861572265625,43.54065704345703,0.5104257464408875,1.1561813354492188,0.4938521087169647,0.5119006037712097,0.4938521087169647,0.5119006037712097,51.906005859375,1.4221800565719604,181,0.00017355757094872752,2.783798933029175
1280.23828125,1236.697509765625,43.540809631347656,0.5118228793144226,1.1533948183059692,0.4937646985054016,0.5119863748550415,0.4937646985054016,0.5119863748550415,51.89719772338867,1.426598310470581,182,0.00017110550493220047,2.4788818359375
1280.0042724609375,1236.4796142578125,43.52466583251953,0.5110924243927002,1.1540484428405762,0.49385035037994385,0.5121054649353027,0.49385035037994385,0.5121054649353027,51.88846206665039,1.430970549583435,183,0.0001686623647392902,2.5040464401245117
1280.0850830078125,1236.2606201171875,43.824466705322266,0.5126348733901978,1.1659536361694336,0.49389851093292236,0.5120936632156372,0.49389851093292236,0.5120936632156372,51.8798942565918,1.4352513551712036,184,0.0001662284182878506,2.513474941253662
1279.7027587890625,1236.1927490234375,43.50997543334961,0.5130134224891663,1.1494718790054321,0.49390536546707153,0.5120484828948975,0.49390536546707153,0.5120484828948975,51.8712043762207,1.439574956893921,185,0.00016380393248753805,2.4874520301818848
1279.7337646484375,1236.28173828125,43.4520263671875,0.5126457810401917,1.14730966091156,0.4938359260559082,0.5119988322257996,0.4938359260559082,0.5119988322257996,51.86274337768555,1.4437817335128784,186,0.00016138917321054208,2.4982006549835205
1279.3787841796875,1235.9525146484375,43.426212310791016,0.5114198923110962,1.1484708786010742,0.493832528591156,0.5119867324829102,0.493832528591156,0.5119867324829102,51.85449981689453,1.447877049446106,187,0.00015898440526242917,2.4901459217071533
1279.280517578125,1235.9158935546875,43.36464309692383,0.5136203765869141,1.140991449356079,0.4938823878765106,0.5119668841362,0.4938823878765106,0.5119668841362,51.84621810913086,1.4519792795181274,188,0.00015658989235310433,2.4982101917266846
1279.28955078125,1236.0045166015625,43.28501892089844,0.5126716494560242,1.1389074325561523,0.4940188527107239,0.5119895339012146,0.4940188527107239,0.5119895339012146,51.83828353881836,1.4559125900268555,189,0.00015420589706789157,2.515632390975952
1279.0672607421875,1235.6494140625,43.41786193847656,0.5109531879425049,1.1489869356155396,0.49413010478019714,0.5120014548301697,0.49413010478019714,0.5120014548301697,51.83013153076172,1.4599279165267944,190,0.00015183268083873925,2.485665798187256
1279.1510009765625,1235.7398681640625,43.41118240356445,0.5121090412139893,1.14634108543396,0.49420803785324097,0.5118706226348877,0.49420803785324097,0.5118706226348877,51.82237243652344,1.4637548923492432,191,0.00014947050391555055,2.496675729751587
1278.9156494140625,1235.7052001953125,43.21044921875,0.5102483034133911,1.1400257349014282,0.4942871630191803,0.5117877125740051,0.4942871630191803,0.5117877125740051,51.81477355957031,1.467492699623108,192,0.00014711962533764432,2.486053466796875
1279.1309814453125,1235.618408203125,43.512516021728516,0.5149966478347778,1.1456323862075806,0.49437445402145386,0.5117703080177307,0.49437445402145386,0.5117703080177307,51.80759811401367,1.4710235595703125,193,0.00014478030290534876,2.49668025970459
1278.2130126953125,1235.1806640625,43.03229522705078,0.5119920372962952,1.1276304721832275,0.49459755420684814,0.5119166374206543,0.49459755420684814,0.5119166374206543,51.80071258544922,1.4744127988815308,194,0.0001424527931517303,2.759533166885376
1278.208984375,1234.8128662109375,43.3961296081543,0.5123754739761353,1.1450556516647339,0.4948000907897949,0.5119963884353638,0.4948000907897949,0.5119963884353638,51.79389190673828,1.4777653217315674,195,0.00014013735131446198,2.5019690990448
1278.19873046875,1235.0107421875,43.18804931640625,0.5121498107910156,1.1351028680801392,0.4949437975883484,0.5119836330413818,0.4949437975883484,0.5119836330413818,51.7872200012207,1.4810502529144287,196,0.0001378342313078341,2.5125019550323486
1278.4359130859375,1234.9827880859375,43.45308303833008,0.5134322643280029,1.1457895040512085,0.49501293897628784,0.5119370222091675,0.49501293897628784,0.5119370222091675,51.78064727783203,1.4842815399169922,197,0.000135543685694909,2.5011355876922607
1277.703857421875,1234.73681640625,42.967002868652344,0.5121862292289734,1.123977780342102,0.4950430691242218,0.5119577646255493,0.4950430691242218,0.5119577646255493,51.77395248413086,1.4875649213790894,198,0.00013326596565982525,2.4894497394561768
1278.2882080078125,1234.8016357421875,43.48655700683594,0.5131266117095947,1.148074746131897,0.4950837790966034,0.512062132358551,0.4950837790966034,0.512062132358551,51.767208099365234,1.49086332321167,199,0.00013100132098025247,2.4988787174224854
1277.8392333984375,1234.5301513671875,43.30906677246094,0.5137885212898254,1.137876272201538,0.49500003457069397,0.5120991468429565,0.49500003457069397,0.5120991468429565,51.76051712036133,1.4941307306289673,200,0.00012874999999999977,2.501774549484253
1277.8299560546875,1234.56884765625,43.2611083984375,0.5130921006202698,1.136871099472046,0.4949643909931183,0.5120172500610352,0.4949643909931183,0.5120172500610352,51.75374984741211,1.4974219799041748,201,0.0001265122496017829,2.485259771347046
1277.889892578125,1234.57958984375,43.31035614013672,0.515720546245575,1.1340765953063965,0.4950047433376312,0.5120267271995544,0.4950047433376312,0.5120267271995544,51.7473030090332,1.5005583763122559,202,0.00012428831518015014,2.487769603729248
1277.8209228515625,1234.3427734375,43.47810745239258,0.5142961144447327,1.145313024520874,0.49513351917266846,0.5121647715568542,0.49513351917266846,0.5121647715568542,51.740901947021484,1.503670573234558,203,0.00012207844061457214,2.5134615898132324
1277.739990234375,1234.516845703125,43.223114013671875,0.5134060382843018,1.1343437433242798,0.4951774477958679,0.5121684670448303,0.4951774477958679,0.5121684670448303,51.734642028808594,1.5067059993743896,204,0.00011988286824269823,2.4948832988739014
1277.1024169921875,1233.880615234375,43.22185134887695,0.5130911469459534,1.134910225868225,0.4950864911079407,0.5120607614517212,0.4950864911079407,0.5120607614517212,51.72859573364258,1.5096380710601807,205,0.00011770183883378072,2.4895143508911133
1277.506591796875,1234.1185302734375,43.38808059692383,0.5122836232185364,1.1448369026184082,0.49510613083839417,0.5119973421096802,0.49510613083839417,0.5119973421096802,51.72277069091797,1.5124602317810059,206,0.0001155355915622722,2.4994137287139893
1277.1766357421875,1233.790771484375,43.385841369628906,0.5148228406906128,1.139646291732788,0.49518343806266785,0.5119584798812866,0.49518343806266785,0.5119584798812866,51.71696090698242,1.5152698755264282,207,0.00011338436398159757,2.4996488094329834
1277.044677734375,1233.7587890625,43.28587341308594,0.5128419995307922,1.1386096477508545,0.49529674649238586,0.5120426416397095,0.49529674649238586,0.5120426416397095,51.711429595947266,1.5179451704025269,208,0.00011124839199810302,2.7444190979003906
1277.3609619140625,1233.877197265625,43.48377990722656,0.514640212059021,1.1449085474014282,0.49536430835723877,0.5121142268180847,0.49536430835723877,0.5121142268180847,51.70612716674805,1.5205086469650269,209,0.0001091279098451868,2.5001046657562256
1276.4827880859375,1233.37158203125,43.11124801635742,0.5131866335868835,1.129189133644104,0.49538248777389526,0.512142539024353,0.49538248777389526,0.512142539024353,51.70082092285156,1.5230672359466553,210,0.00010702315005761276,2.4926745891571045
1276.91748046875,1233.561767578125,43.355751037597656,0.5160549879074097,1.1356775760650635,0.4953155219554901,0.5119830965995789,0.4953155219554901,0.5119830965995789,51.695838928222656,1.5254713296890259,211,0.0001049343434460099,2.50793194770813
1277.019775390625,1233.672119140625,43.34766387939453,0.5169873833656311,1.1334083080291748,0.4952060282230377,0.5119598507881165,0.4952060282230377,0.5119598507881165,51.691104888916016,1.5277546644210815,212,0.00010286171907156208,2.493472099304199
1276.5433349609375,1233.2271728515625,43.31615447998047,0.5150841474533081,1.1356394290924072,0.4951381981372833,0.5119307041168213,0.4951381981372833,0.5119307041168213,51.68622970581055,1.5300981998443604,213,0.00010080550422088822,2.496849536895752
1276.2237548828125,1233.305419921875,42.91830062866211,0.5137721300125122,1.1183706521987915,0.49515920877456665,0.5119415521621704,0.49515920877456665,0.5119415521621704,51.68159866333008,1.5323240756988525,214,9.876592438111804e-05,2.4933042526245117
1276.5755615234375,1233.35205078125,43.22345733642578,0.514536440372467,1.1320998668670654,0.49513712525367737,0.5118737816810608,0.49513712525367737,0.5118737816810608,51.67717361450195,1.5344529151916504,215,9.674320321516512e-05,2.499525785446167
1276.4388427734375,1233.0499267578125,43.38893127441406,0.515824019908905,1.137798547744751,0.49519118666648865,0.5118550062179565,0.49519118666648865,0.5118550062179565,51.67256546020508,1.5366612672805786,216,9.473756253719914e-05,2.5034053325653076
1276.420654296875,1233.05908203125,43.361534118652344,0.5152897238731384,1.1374973058700562,0.4952612519264221,0.5117598176002502,0.4952612519264221,0.5117598176002502,51.66815948486328,1.5387746095657349,217,9.274922228832212e-05,2.4947307109832764
1276.2275390625,1233.122314453125,43.10523223876953,0.516008734703064,1.1232439279556274,0.4953664541244507,0.5117736458778381,0.4953664541244507,0.5117736458778381,51.66381072998047,1.540855050086975,218,9.077840051244883e-05,2.4903147220611572
1276.7032470703125,1233.253662109375,43.44963836669922,0.5144109129905701,1.143660306930542,0.4953490197658539,0.5117732882499695,0.4953490197658539,0.5117732882499695,51.659481048583984,1.542924404144287,219,8.882531333239598e-05,2.4939827919006348
1276.2950439453125,1233.2218017578125,43.0732307434082,0.5133337378501892,1.126994013786316,0.49530237913131714,0.5117855072021484,0.49530237913131714,0.5117855072021484,51.6552619934082,1.5449364185333252,220,8.689017492618244e-05,2.4916276931762695
1276.3321533203125,1233.1514892578125,43.180694580078125,0.5125755071640015,1.1338837146759033,0.49521133303642273,0.5116944313049316,0.49521133303642273,0.5116944313049316,51.651084899902344,1.5469259023666382,221,8.497319750354135e-05,2.7715845108032227
1275.749267578125,1232.7906494140625,42.95867919921875,0.5137967467308044,1.120340347290039,0.49509331583976746,0.5116870403289795,0.49509331583976746,0.5116870403289795,51.64692306518555,1.5489040613174438,222,8.30745912826494e-05,2.488398790359497
1275.73193359375,1232.690673828125,43.04121017456055,0.5145866870880127,1.122887134552002,0.4950947165489197,0.5116849541664124,0.4950947165489197,0.5116849541664124,51.64278793334961,1.5508633852005005,223,8.11945644670742e-05,2.5058541297912598
1275.7965087890625,1232.763916015625,43.0325927734375,0.5127989649772644,1.126031756401062,0.4951614439487457,0.5117881894111633,0.4951614439487457,0.5117881894111633,51.63859939575195,1.552839756011963,224,7.93333232229419e-05,2.5004825592041016
1275.4532470703125,1232.5782470703125,42.87494659423828,0.514157772064209,1.1154316663742065,0.49513357877731323,0.5118639469146729,0.49513357877731323,0.5118639469146729,51.63441467285156,1.5548092126846313,225,7.749107165632937e-05,2.4883062839508057
1275.8846435546875,1232.7523193359375,43.13234329223633,0.5141323208808899,1.1283525228500366,0.4950648546218872,0.5118722319602966,0.4950648546218872,0.5118722319602966,51.63029479980469,1.556746006011963,226,7.566801179088109e-05,2.489292860031128
1275.7354736328125,1232.4521484375,43.28330993652344,0.5154843926429749,1.1331967115402222,0.4949449300765991,0.5119103789329529,0.4949449300765991,0.5119103789329529,51.626155853271484,1.5586868524551392,227,7.386434354565523e-05,2.4872844219207764
1275.882080078125,1232.4842529296875,43.397769927978516,0.5139467120170593,1.1419950723648071,0.4948204755783081,0.5119776129722595,0.4948204755783081,0.5119776129722595,51.62205505371094,1.5606027841567993,228,7.208026471320057e-05,2.4938766956329346
1275.7041015625,1232.282470703125,43.421688079833984,0.5174258351325989,1.136232852935791,0.49478578567504883,0.512018084526062,0.49478578567504883,0.512018084526062,51.61802291870117,1.5624816417694092,229,7.03159709378657e-05,2.498208522796631
1275.174560546875,1232.202880859375,42.97166442871094,0.5142791867256165,1.1200248003005981,0.4948034882545471,0.5121197700500488,0.4948034882545471,0.5121197700500488,51.614139556884766,1.5642908811569214,230,6.857165569434477e-05,2.4804012775421143
1275.5205078125,1232.3548583984375,43.16563415527344,0.5157079100608826,1.1268659830093384,0.4946954548358917,0.5121985077857971,0.4946954548358917,0.5121985077857971,51.61036682128906,1.5660449266433716,231,6.684751026646113e-05,2.504246473312378
1275.247802734375,1232.1201171875,43.127662658691406,0.5141840577125549,1.1280150413513184,0.49465200304985046,0.5121822357177734,0.49465200304985046,0.5121822357177734,51.60667419433594,1.5677587985992432,232,6.51437237261902e-05,2.4800825119018555
1275.1390380859375,1232.122314453125,43.01677703857422,0.5142049789428711,1.1224287748336792,0.4947105646133423,0.5121864080429077,0.4947105646133423,0.5121864080429077,51.60307312011719,1.5694236755371094,233,6.346048291292593e-05,2.756519079208374
1275.5413818359375,1232.2760009765625,43.265342712402344,0.5147375464439392,1.1337920427322388,0.4947144687175751,0.5121594071388245,0.4947144687175751,0.5121594071388245,51.599605560302734,1.5710251331329346,234,6.179797241299208e-05,2.5087480545043945
1275.24267578125,1231.871826171875,43.37080001831055,0.5153594017028809,1.1378211975097656,0.4947375953197479,0.5121829509735107,0.4947375953197479,0.5121829509735107,51.59627151489258,1.5725637674331665,235,6.0156374539399594e-05,2.4762086868286133
1274.887939453125,1231.7205810546875,43.16731262207031,0.5156087279319763,1.1271482706069946,0.4946662187576294,0.5121883153915405,0.4946662187576294,0.5121883153915405,51.592987060546875,1.5740768909454346,236,5.8535869311854565e-05,2.494919776916504
1274.791015625,1231.782470703125,43.00849151611328,0.5146443247795105,1.1211357116699219,0.4946615397930145,0.5121797919273376,0.4946615397930145,0.5121797919273376,51.589752197265625,1.5755614042282104,237,5.693663443701658e-05,2.5102286338806152
1275.0753173828125,1231.86572265625,43.20964431762695,0.5158824920654297,1.1287171840667725,0.4946622848510742,0.5121394991874695,0.4946622848510742,0.5121394991874695,51.586612701416016,1.576999545097351,238,5.535884528901133e-05,2.501518964767456
1274.6827392578125,1231.7552490234375,42.92748260498047,0.5143152475357056,1.1177438497543335,0.49455904960632324,0.5121136903762817,0.49455904960632324,0.5121136903762817,51.58355712890625,1.5783969163894653,239,5.38026748901991e-05,2.4908998012542725
1274.7615966796875,1231.7344970703125,43.02705764770508,0.5162473917007446,1.1188582181930542,0.49452918767929077,0.5120630860328674,0.49452918767929077,0.5120630860328674,51.58054733276367,1.5797683000564575,240,5.226829389220044e-05,2.5062403678894043
1274.78076171875,1231.6922607421875,43.088539123535156,0.5154362320899963,1.1235545873641968,0.49449676275253296,0.5120885372161865,0.49449676275253296,0.5120885372161865,51.57759094238281,1.5811090469360352,241,5.0755870557182716e-05,2.480814218521118
1274.983154296875,1231.767822265625,43.215370178222656,0.5169028639793396,1.126962661743164,0.49456703662872314,0.512057900428772,0.49456703662872314,0.512057900428772,51.574764251708984,1.582392930984497,242,4.9265570739408164e-05,2.493506908416748
1274.7783203125,1231.7431640625,43.035133361816406,0.5163847804069519,1.1189873218536377,0.49455904960632324,0.5120542645454407,0.49455904960632324,0.5120542645454407,51.57207107543945,1.583613395690918,243,4.7797557867045836e-05,2.4946963787078857
1274.26171875,1231.296630859375,42.965126037597656,0.5162649750709534,1.115726351737976,0.49461713433265686,0.5121105313301086,0.49461713433265686,0.5121105313301086,51.569515228271484,1.5847718715667725,244,4.6351992924250305e-05,2.496549129486084
1274.487060546875,1231.33447265625,43.15257263183594,0.5138304233551025,1.1299678087234497,0.49460315704345703,0.512073814868927,0.49460315704345703,0.512073814868927,51.56706619262695,1.585881233215332,245,4.4929034433507494e-05,2.4943346977233887
1274.7874755859375,1231.50048828125,43.28699493408203,0.5160636305809021,1.1322225332260132,0.4946303367614746,0.5120287537574768,0.4946303367614746,0.5120287537574768,51.56465530395508,1.5869718790054321,246,4.3528838438251194e-05,2.4878079891204834
1274.5029296875,1231.509033203125,42.993873596191406,0.5161556005477905,1.117382526397705,0.49462151527404785,0.5119208693504333,0.49462151527404785,0.5119208693504333,51.56227111816406,1.588045358657837,247,4.2151558485751145e-05,2.488456964492798
1274.2728271484375,1231.3165283203125,42.956329345703125,0.516015350818634,1.1157857179641724,0.4947247803211212,0.5118651390075684,0.4947247803211212,0.5118651390075684,51.560028076171875,1.5890544652938843,248,4.0797345610274546e-05,2.7711129188537598
1274.276123046875,1231.3812255859375,42.89490509033203,0.5158076286315918,1.1131300926208496,0.49478843808174133,0.5118575692176819,0.49478843808174133,0.5118575692176819,51.55788803100586,1.5900176763534546,249,3.946634831652391e-05,2.4939420223236084
1274.186767578125,1231.4012451171875,42.785499572753906,0.5155443549156189,1.1081864833831787,0.49484312534332275,0.5118182301521301,0.49484312534332275,0.5118182301521301,51.55581283569336,1.5909481048583984,250,3.815871256335141e-05,2.4896657466888428
1274.214599609375,1231.40185546875,42.81272888183594,0.5143218040466309,1.1119928359985352,0.49484261870384216,0.511882483959198,0.49484261870384216,0.511882483959198,51.55378723144531,1.5918580293655396,251,3.687458174775302e-05,2.507152795791626
1274.498046875,1231.3441162109375,43.15395736694336,0.5155268311500549,1.126644253730774,0.494907021522522,0.5119006633758545,0.494907021522522,0.5119006633758545,51.55178451538086,1.5927495956420898,252,3.5614096689143706e-05,2.4916365146636963
1274.272705078125,1231.1251220703125,43.14757537841797,0.5153841376304626,1.126610517501831,0.49498364329338074,0.5118714570999146,0.49498364329338074,0.5118714570999146,51.54985809326172,1.5936087369918823,253,3.437739561391439e-05,2.4821770191192627
1274.11083984375,1231.107421875,43.003379821777344,0.5158340334892273,1.118500828742981,0.49493393301963806,0.5118721723556519,0.49493393301963806,0.5118721723556519,51.54800796508789,1.5944334268569946,254,3.316461414027431e-05,2.488337278366089
1274.3592529296875,1231.1824951171875,43.176795959472656,0.5148938894271851,1.1290520429611206,0.4949553310871124,0.5118300318717957,0.4949553310871124,0.5118300318717957,51.54618453979492,1.5952399969100952,255,3.197588526337893e-05,2.5003230571746826
1274.409423828125,1231.4189453125,42.99046325683594,0.5161552429199219,1.1172128915786743,0.49494314193725586,0.5118129849433899,0.49494314193725586,0.5118129849433899,51.544429779052734,1.5960161685943604,256,3.081133934074532e-05,2.480419397354126
1274.0787353515625,1231.01708984375,43.061676025390625,0.5167267322540283,1.1196303367614746,0.49494606256484985,0.5117764472961426,0.49494606256484985,0.5117764472961426,51.542728424072266,1.5967700481414795,257,2.9671104077957066e-05,2.4901068210601807
1274.028564453125,1231.0621337890625,42.96649169921875,0.5154340863227844,1.1174561977386475,0.4949015974998474,0.5118094086647034,0.4949015974998474,0.5118094086647034,51.541080474853516,1.5974916219711304,258,2.8555304514660175e-05,2.4976956844329834
1274.028076171875,1230.931396484375,43.09666442871094,0.5152121782302856,1.1244089603424072,0.49489495158195496,0.5118016004562378,0.49489495158195496,0.5118016004562378,51.539512634277344,1.5981800556182861,259,2.7464063010850505e-05,2.4996767044067383
1274.1409912109375,1231.0679931640625,43.07299041748047,0.5165432691574097,1.12056303024292,0.4949270486831665,0.5118383765220642,0.4949270486831665,0.5118383765220642,51.53797912597656,1.5988554954528809,260,2.639749923345628e-05,2.498246192932129
1273.9410400390625,1230.9085693359375,43.03245544433594,0.516819417476654,1.1179839372634888,0.4949069619178772,0.5117945671081543,0.4949069619178772,0.5117945671081543,51.53645324707031,1.599517822265625,261,2.535573014321469e-05,2.4867985248565674
1274.116455078125,1231.087158203125,43.02928161621094,0.5162307620048523,1.1190025806427002,0.49490222334861755,0.5118395090103149,0.49490222334861755,0.5118395090103149,51.53495407104492,1.6001700162887573,262,2.4338869981846064e-05,2.5009424686431885
1273.737060546875,1230.767333984375,42.96977996826172,0.5164852142333984,1.115518569946289,0.4949178099632263,0.5118605494499207,0.4949178099632263,0.5118605494499207,51.53352737426758,1.6007879972457886,263,2.3347030259526274e-05,2.774395227432251
1274.0328369140625,1230.926025390625,43.106788635253906,0.5163633823394775,1.122612714767456,0.49491265416145325,0.5118210911750793,0.49491265416145325,0.5118210911750793,51.532135009765625,1.6013877391815186,264,2.2380319742657765e-05,2.505535840988159
1273.636962890625,1230.8466796875,42.790306091308594,0.5163491368293762,1.1068170070648193,0.4949035942554474,0.5118113160133362,0.4949035942554474,0.5118113160133362,51.53080368041992,1.6019619703292847,265,2.1438844441942543e-05,2.4909117221832275
1274.15087890625,1230.939697265625,43.211158752441406,0.5168264508247375,1.126905083656311,0.49496912956237793,0.5117867588996887,0.49496912956237793,0.5117867588996887,51.529544830322266,1.602502703666687,266,2.0522707600756842e-05,2.501737594604492
1273.961669921875,1230.950927734375,43.010780334472656,0.5161547660827637,1.1182293891906738,0.49500033259391785,0.5117872953414917,0.49500033259391785,0.5117872953414917,51.528358459472656,1.6030128002166748,267,1.963200968382918e-05,2.4886438846588135
1274.185791015625,1231.1646728515625,43.0211067199707,0.5164692997932434,1.1181166172027588,0.4950418472290039,0.5117081999778748,0.4950418472290039,0.5117081999778748,51.5272102355957,1.6035044193267822,268,1.8766848366223435e-05,2.491678237915039
1273.666748046875,1230.728271484375,42.93845748901367,0.5167601704597473,1.1134024858474731,0.49499502778053284,0.5117875337600708,0.49499502778053284,0.5117875337600708,51.526123046875,1.6039706468582153,269,1.7927318522627558e-05,2.4995408058166504
1274.0618896484375,1231.0052490234375,43.05662536621094,0.5178303718566895,1.1171705722808838,0.4950937330722809,0.5117589831352234,0.4950937330722809,0.5117589831352234,51.52507781982422,1.6044197082519531,270,1.7113512216949486e-05,2.4739272594451904
1273.99169921875,1230.9349365234375,43.056793212890625,0.5172383785247803,1.1183630228042603,0.49501368403434753,0.5117484927177429,0.49501368403434753,0.5117484927177429,51.524070739746094,1.6048460006713867,271,1.632551869222147e-05,2.489269733428955
1273.9200439453125,1230.803955078125,43.116065979003906,0.5161518454551697,1.1234996318817139,0.4950028955936432,0.5117538571357727,0.4950028955936432,0.5117538571357727,51.52311706542969,1.605250358581543,272,1.5563424360813345e-05,2.484546184539795
1273.7103271484375,1230.8568115234375,42.853553771972656,0.5157551765441895,1.111167550086975,0.4950002431869507,0.5117295980453491,0.4950002431869507,0.5117295980453491,51.52222442626953,1.6056300401687622,273,1.4827312794956581e-05,2.502310276031494
1273.508056640625,1230.6282958984375,42.87981033325195,0.5170921683311462,1.1098062992095947,0.4949578046798706,0.5117241144180298,0.4949578046798706,0.5117241144180298,51.52134704589844,1.6060000658035278,274,1.411726471757961e-05,2.4786036014556885
1273.8514404296875,1230.5921630859375,43.25929641723633,0.5177053809165955,1.127554178237915,0.4949741065502167,0.5116881132125854,0.4949741065502167,0.5116881132125854,51.52051544189453,1.6063528060913086,275,1.3433357993455584e-05,2.4980924129486084
1273.760498046875,1230.813720703125,42.94675827026367,0.5163066983222961,1.1147243976593018,0.4949567914009094,0.5116961002349854,0.4949567914009094,0.5116961002349854,51.51970291137695,1.6066921949386597,276,1.2775667620663802e-05,2.7361316680908203
1273.92041015625,1230.726318359375,43.19406509399414,0.5169903039932251,1.1257227659225464,0.4949737787246704,0.5116700530052185,0.4949737787246704,0.5116700530052185,51.51894760131836,1.6070101261138916,277,1.2144265722365092e-05,2.5006141662597656
1274.044921875,1230.92919921875,43.11568832397461,0.5160929560661316,1.1235984563827515,0.49500998854637146,0.5116462707519531,0.49500998854637146,0.5116462707519531,51.51823043823242,1.6073120832443237,278,1.1539221538892822e-05,2.4835221767425537
1273.5994873046875,1230.54638671875,43.05307388305664,0.5150614380836487,1.1225306987762451,0.49497053027153015,0.5116342902183533,0.49497053027153015,0.5116342902183533,51.517547607421875,1.6075968742370605,279,1.0960601420160032e-05,2.488506317138672
1273.403564453125,1230.4984130859375,42.9051399230957,0.5159751176834106,1.1133068799972534,0.49498024582862854,0.5116847157478333,0.49498024582862854,0.5116847157478333,51.516902923583984,1.6078656911849976,280,1.0408468818383114e-05,2.492194414138794
1273.7384033203125,1230.73828125,43.00010681152344,0.516927182674408,1.1161510944366455,0.49505776166915894,0.5117148160934448,0.49505776166915894,0.5117148160934448,51.51628875732422,1.6081225872039795,281,9.882884281123862e-06,2.498094081878662
1273.6678466796875,1230.5882568359375,43.07956314086914,0.5160886645317078,1.1218007802963257,0.4950420558452606,0.5116727352142334,0.4950420558452606,0.5116727352142334,51.515689849853516,1.6083706617355347,282,9.383905444649565e-06,2.4910690784454346
1273.6978759765625,1230.6417236328125,43.056175231933594,0.5166603326797485,1.1194878816604614,0.4950349032878876,0.5117124915122986,0.4950349032878876,0.5117124915122986,51.51512145996094,1.6086074113845825,283,8.911587027612631e-06,2.4913370609283447
1273.3421630859375,1230.468505859375,42.87363052368164,0.5166742205619812,1.1103330850601196,0.495028018951416,0.5116965174674988,0.495028018951416,0.5116965174674988,51.51457595825195,1.608832597732544,284,8.465980825050015e-06,2.4874401092529297
1273.9412841796875,1230.679931640625,43.26129913330078,0.5154308080673218,1.1322033405303955,0.4951060712337494,0.5117507576942444,0.4951060712337494,0.5117507576942444,51.514060974121094,1.6090446710586548,285,8.047135702703428e-06,2.5019285678863525
1273.5548095703125,1230.3441162109375,43.21063995361328,0.5169973969459534,1.1265372037887573,0.4950822591781616,0.5116527676582336,0.4950822591781616,0.5116527676582336,51.5135612487793,1.6092485189437866,286,7.655097591660387e-06,2.4867465496063232
1273.8558349609375,1230.75537109375,43.10045623779297,0.5158878564834595,1.1232471466064453,0.49509915709495544,0.5116260051727295,0.49509915709495544,0.5116260051727295,51.513092041015625,1.6094417572021484,287,7.2899094833177086e-06,2.4921212196350098
1273.5797119140625,1230.5386962890625,43.04103088378906,0.5162743926048279,1.1195026636123657,0.4950525462627411,0.5116336941719055,0.4950525462627411,0.5116336941719055,51.51263427734375,1.6096254587173462,288,6.951611424666753e-06,2.486558675765991
1273.5234375,1230.600830078125,42.92259979248047,0.516888439655304,1.1123532056808472,0.49512746930122375,0.5116388201713562,0.49512746930122375,0.5116388201713562,51.51221466064453,1.6097992658615112,289,6.6402405139018795e-06,2.486262083053589
1273.903564453125,1230.580322265625,43.323280334472656,0.5172830820083618,1.1315977573394775,0.49510011076927185,0.5116429924964905,0.49510011076927185,0.5116429924964905,51.51179885864258,1.6099669933319092,290,6.35583089635236e-06,2.799262762069702
1273.664306640625,1230.5062255859375,43.15808868408203,0.5143797993659973,1.1291447877883911,0.4951207637786865,0.5116474032402039,0.4951207637786865,0.5116474032402039,51.51139831542969,1.6101281642913818,291,6.0984137607377e-06,2.476796865463257
1274.0045166015625,1230.767333984375,43.237220764160156,0.5167976021766663,1.128265619277954,0.495162695646286,0.5116175413131714,0.495162695646286,0.5116175413131714,51.51102066040039,1.6102828979492188,292,5.868017335747668e-06,2.490687608718872
1273.8677978515625,1230.778564453125,43.08926010131836,0.5175420641899109,1.119378924369812,0.49516454339027405,0.5116465091705322,0.49516454339027405,0.5116465091705322,51.510650634765625,1.610430121421814,293,5.664666886946621e-06,2.5001580715179443
1273.2254638671875,1230.3638916015625,42.86158752441406,0.5150290131568909,1.1130213737487793,0.4952327609062195,0.5116769075393677,0.4952327609062195,0.5116769075393677,51.51029968261719,1.6105703115463257,294,5.4883847140027885e-06,2.495359182357788
1273.395751953125,1230.4449462890625,42.950775146484375,0.5172318816184998,1.1130750179290771,0.49518725275993347,0.5116660594940186,0.49518725275993347,0.5116660594940186,51.50995635986328,1.6107079982757568,295,5.3391901482429755e-06,2.502176523208618
1273.6107177734375,1230.664794921875,42.94586944580078,0.5146121978759766,1.1180692911148071,0.4952669143676758,0.5116608738899231,0.4952669143676758,0.5116608738899231,51.50962829589844,1.610839605331421,296,5.21709955053255e-06,2.489466667175293
1273.4632568359375,1230.4586181640625,43.004676818847656,0.5152914524078369,1.1196508407592773,0.4952414631843567,0.5116045475006104,0.4952414631843567,0.5116045475006104,51.50930404663086,1.6109682321548462,297,5.122126309481429e-06,2.4902381896972656
1273.8719482421875,1230.554931640625,43.31706237792969,0.5173024535179138,1.131248116493225,0.4952079951763153,0.5116028189659119,0.4952079951763153,0.5116028189659119,51.50898742675781,1.6110942363739014,298,5.054280839975739e-06,2.495056629180908
1273.5726318359375,1230.5419921875,43.030616760253906,0.5169196128845215,1.1176916360855103,0.495243102312088,0.5116464495658875,0.495243102312088,0.5116464495658875,51.50867462158203,1.6112192869186401,299,5.013570582035745e-06,2.4869940280914307
1273.193359375,1230.4384765625,42.75492858886719,0.51621013879776,1.1053259372711182,0.49518778920173645,0.5115834474563599,0.49518778920173645,0.5115834474563599,51.50835418701172,1.6113442182540894,300,5e-06,2.499687433242798
