total_loss,recon_loss,contrast_loss,smooth_loss,global_contrast,gate_spatial_mean,gate_expr_mean,spatial_weight,expr_weight,px_r_mean,px_r_std,epoch,lr,time
2984.094482421875,2910.4326171875,73.66177368164062,3.8217592239379883,3.5444178581237793,0.5018542408943176,0.4989389479160309,0.5018542408943176,0.4989389479160309,54.54374694824219,0.00013406368088908494,1,0.0009999728588359286,2.4694507122039795
2930.8740234375,2871.3466796875,59.5274543762207,2.3974475860595703,3.5552978515625,0.4987668991088867,0.49749594926834106,0.4987668991088867,0.49749594926834106,54.49002456665039,0.0007029534899629653,2,0.0009998914383200486,1.8892388343811035
2897.20458984375,2841.086181640625,56.1183967590332,2.016526222229004,3.595313549041748,0.4985605478286743,0.493936687707901,0.4985605478286743,0.493936687707901,54.436458587646484,0.0009717080392874777,3,0.0009997557473810372,2.1661882400512695
2856.12109375,2801.609619140625,54.511558532714844,1.8891607522964478,3.561995029449463,0.4979601502418518,0.49062687158584595,0.4979601502418518,0.49062687158584595,54.38408279418945,0.00140926125459373,4,0.000999565800898935,1.8795928955078125
2807.299560546875,2752.823974609375,54.475486755371094,1.8699880838394165,3.5775609016418457,0.4971582293510437,0.48776790499687195,0.4971582293510437,0.48776790499687195,54.33345413208008,0.0025998528581112623,5,0.0009993216197035143,1.8646891117095947
2751.49609375,2696.15625,55.33975601196289,1.947637677192688,3.5863380432128906,0.4960215389728546,0.48520150780677795,0.4960215389728546,0.48520150780677795,54.28485870361328,0.004551747348159552,6,0.0009990232305719946,1.8705973625183105
2687.318359375,2631.388916015625,55.929542541503906,1.9934102296829224,3.599544048309326,0.4945199191570282,0.48290595412254333,0.4945199191570282,0.48290595412254333,54.23847961425781,0.007151682395488024,7,0.0009986706662261067,1.890157699584961
2615.63720703125,2558.995361328125,56.641902923583984,2.0628416538238525,3.601348876953125,0.4927833378314972,0.48082244396209717,0.4927833378314972,0.48082244396209717,54.194374084472656,0.01031250786036253,8,0.0009982639653285047,1.8899903297424316
2536.102294921875,2478.841064453125,57.261192321777344,2.139897584915161,3.586221218109131,0.49101006984710693,0.4788169264793396,0.49101006984710693,0.4788169264793396,54.152530670166016,0.013970826752483845,9,0.0009978031724785245,1.862488031387329
2453.384521484375,2394.613037109375,58.77138137817383,2.2718923091888428,3.605245590209961,0.48915621638298035,0.47693580389022827,0.48915621638298035,0.47693580389022827,54.112892150878906,0.018063358962535858,10,0.0009972883382072953,1.8865609169006348
2364.550537109375,2305.335205078125,59.21525573730469,2.3215038776397705,3.6000216007232666,0.48732414841651917,0.4752436578273773,0.48732414841651917,0.4752436578273773,54.075355529785156,0.022534718737006187,11,0.0009967195189721962,1.896646499633789
2273.685302734375,2213.601318359375,60.084022521972656,2.4186878204345703,3.589714527130127,0.48552024364471436,0.4736543297767639,0.48552024364471436,0.4736543297767639,54.039825439453125,0.027335774153470993,12,0.0009960967771506667,1.8961353302001953
2180.341552734375,2119.814697265625,60.52677917480469,2.4630396366119385,3.5896382331848145,0.4837680160999298,0.4722265601158142,0.4837680160999298,0.4722265601158142,54.00617599487305,0.032427430152893066,13,0.0009954201810333646,1.8934345245361328
2088.42236328125,2027.848876953125,60.573585510253906,2.460491418838501,3.596867561340332,0.48211148381233215,0.4708770513534546,0.48211148381233215,0.4708770513534546,53.974266052246094,0.03777920454740524,14,0.0009946898048166792,1.8890101909637451
2002.1795654296875,1940.368896484375,61.810691833496094,2.578484296798706,3.6025853157043457,0.4805518686771393,0.46960118412971497,0.4805518686771393,0.46960118412971497,53.943931579589844,0.04337276518344879,15,0.000993905728594593,1.8854711055755615
1918.0496826171875,1856.332275390625,61.717411041259766,2.5758299827575684,3.5959110260009766,0.479073703289032,0.4684450626373291,0.479073703289032,0.4684450626373291,53.91500473022461,0.049210842698812485,16,0.0009930680383498998,1.876112937927246
1842.7744140625,1780.1318359375,62.64251708984375,2.669203996658325,3.595047950744629,0.4776403307914734,0.46736061573028564,0.4776403307914734,0.46736061573028564,53.887290954589844,0.055329110473394394,17,0.0009921768259447744,1.889664888381958
1775.9864501953125,1712.9830322265625,63.00340270996094,2.7188973426818848,3.5814428329467773,0.4763336181640625,0.4663831293582916,0.4763336181640625,0.4663831293582916,53.860595703125,0.06179248169064522,18,0.0009912321891107007,1.8859498500823975
1718.936767578125,1655.5643310546875,63.37242126464844,2.740048408508301,3.597193479537964,0.4750990867614746,0.46550601720809937,0.4750990867614746,0.46550601720809937,53.834774017333984,0.06867595762014389,19,0.0009902342314377522,1.8713264465332031
1673.0596923828125,1608.8382568359375,64.2214126586914,2.8227791786193848,3.5993618965148926,0.47395581007003784,0.4646857678890228,0.47395581007003784,0.4646857678890228,53.80978775024414,0.07602687925100327,20,0.0009891830623632338,1.8853235244750977
1634.135498046875,1570.14404296875,63.99150848388672,2.8026669025421143,3.5964839458465576,0.47294363379478455,0.4639430344104767,0.47294363379478455,0.4639430344104767,53.7856559753418,0.08385375142097473,21,0.00098807879715968,1.8790016174316406
1600.9835205078125,1537.33642578125,63.647117614746094,2.7795307636260986,3.5851807594299316,0.47206422686576843,0.4632442891597748,0.47206422686576843,0.4632442891597748,53.762393951416016,0.0921333059668541,22,0.0009869215569222143,1.8658771514892578
1572.8671875,1508.531494140625,64.33563995361328,2.839301824569702,3.5942623615264893,0.47132426500320435,0.46259352564811707,0.47132426500320435,0.46259352564811707,53.7399787902832,0.10084373503923416,23,0.0009857114685552697,1.8892836570739746
1547.18115234375,1482.7431640625,64.43801879882812,2.8534975051879883,3.590304374694824,0.47069817781448364,0.4619639217853546,0.47069817781448364,0.4619639217853546,53.71836471557617,0.10996434837579727,24,0.0009844486647586721,1.8805739879608154
1522.28076171875,1458.7174072265625,63.5633544921875,2.762906074523926,3.5934295654296875,0.47013047337532043,0.4612944722175598,0.47013047337532043,0.4612944722175598,53.69745635986328,0.11950083076953888,25,0.0009831332840130884,1.8835210800170898
1499.32275390625,1436.2767333984375,63.04603576660156,2.7034006118774414,3.601202964782715,0.46955734491348267,0.4605081379413605,0.46955734491348267,0.4605081379413605,53.67711639404297,0.12950193881988525,26,0.0009817654705648405,1.8574931621551514
1478.5445556640625,1415.86181640625,62.682682037353516,2.6719744205474854,3.5962936878204346,0.4689386188983917,0.4595993757247925,0.4689386188983917,0.4595993757247925,53.65713119506836,0.14008945226669312,27,0.0009803453744100864,1.8896803855895996
1461.0252685546875,1399.371337890625,61.65388107299805,2.561952829360962,3.6034350395202637,0.468172162771225,0.4584921896457672,0.468172162771225,0.4584921896457672,53.637176513671875,0.15150345861911774,28,0.0009788731512783728,1.8546762466430664
1447.753173828125,1386.8250732421875,60.928070068359375,2.494778633117676,3.5980281829833984,0.46722355484962463,0.4571892023086548,0.46722355484962463,0.4571892023086548,53.61673355102539,0.1641344130039215,29,0.0009773489626155566,1.8765161037445068
1440.0047607421875,1380.6583251953125,59.346431732177734,2.3397035598754883,3.594939708709717,0.4661555290222168,0.45575782656669617,0.4661555290222168,0.45575782656669617,53.595638275146484,0.17809130251407623,30,0.0009757729755661006,1.8788049221038818
1436.4000244140625,1377.977783203125,58.42228698730469,2.2456161975860596,3.5966129302978516,0.46525946259498596,0.45466408133506775,0.46525946259498596,0.45466408133506775,53.57426834106445,0.19305118918418884,31,0.0009741453629547445,2.2016260623931885
1432.434814453125,1374.8017578125,57.63303756713867,2.163231134414673,3.6000723838806152,0.4647298753261566,0.45416805148124695,0.4647298753261566,0.45416805148124695,53.55271911621094,0.20885957777500153,32,0.0009724663032675527,1.8838202953338623
1426.66845703125,1369.535888671875,57.13250732421875,2.1382944583892822,3.574956178665161,0.4645689129829407,0.4541807472705841,0.4645689129829407,0.4541807472705841,53.53076934814453,0.22559253871440887,33,0.0009707359806323412,1.8806688785552979
1421.203369140625,1364.356201171875,56.84718704223633,2.0837814807891846,3.6009371280670166,0.4646749794483185,0.45451802015304565,0.4646749794483185,0.45451802015304565,53.507896423339844,0.24350576102733612,34,0.0009689545847984858,1.8605358600616455
1417.529296875,1360.16015625,57.369171142578125,2.13517427444458,3.601742744445801,0.46483075618743896,0.45492851734161377,0.46483075618743896,0.45492851734161377,53.484039306640625,0.2625364661216736,35,0.0009671223111161144,1.8850467205047607
1413.9400634765625,1357.6800537109375,56.259979248046875,2.0343055725097656,3.5916924476623535,0.46480706334114075,0.4550188481807709,0.46480706334114075,0.4550188481807709,53.45984649658203,0.282249391078949,36,0.000965239360514684,1.8830571174621582
1412.21826171875,1355.9886474609375,56.229652404785156,2.0208852291107178,3.6020801067352295,0.4645160436630249,0.45467108488082886,0.4645160436630249,0.45467108488082886,53.43549346923828,0.3024865686893463,37,0.000963305939480947,1.8789522647857666
1410.3231201171875,1354.322998046875,56.00013732910156,2.006126642227173,3.5938873291015625,0.4639591574668884,0.4539552628993988,0.4639591574668884,0.4539552628993988,53.4107780456543,0.32331928610801697,38,0.0009613222600363074,1.8713436126708984
1407.52880859375,1352.9674072265625,54.56145477294922,1.8688466548919678,3.5872983932495117,0.4631190598011017,0.45288556814193726,0.4631190598011017,0.45288556814193726,53.38531494140625,0.34492284059524536,39,0.0009592885397135703,1.8638174533843994
1406.52392578125,1352.6654052734375,53.858497619628906,1.7899272441864014,3.5959224700927734,0.46212056279182434,0.4516198933124542,0.46212056279182434,0.4516198933124542,53.35918426513672,0.367165744304657,40,0.0009572050015330871,1.8548333644866943
1405.7802734375,1352.517822265625,53.26239776611328,1.737597107887268,3.5886425971984863,0.4611836075782776,0.4504927098751068,0.4611836075782776,0.4504927098751068,53.3327751159668,0.38974738121032715,41,0.0009550718739782986,1.8985393047332764
1404.18359375,1351.266357421875,52.91719436645508,1.6960546970367432,3.5956649780273438,0.46052801609039307,0.4497479200363159,0.46052801609039307,0.4497479200363159,53.305973052978516,0.4127148389816284,42,0.0009528893909706794,1.8733043670654297
1401.0479736328125,1348.9476318359375,52.100372314453125,1.6283735036849976,3.5816636085510254,0.4600990116596222,0.44933030009269714,0.4600990116596222,0.44933030009269714,53.27824401855469,0.4363528788089752,43,0.0009506577918440856,1.8779611587524414
1399.427734375,1347.41259765625,52.015159606933594,1.6183607578277588,3.583155632019043,0.45971211791038513,0.44895312190055847,0.45971211791038513,0.44895312190055847,53.24925231933594,0.46072718501091003,44,0.000948377321318509,1.8763556480407715
1397.30078125,1346.041259765625,51.25957107543945,1.5335584878921509,3.5923986434936523,0.4590432941913605,0.4483264088630676,0.4590432941913605,0.4483264088630676,53.219200134277344,0.4857056140899658,45,0.0009460482294732416,1.8893015384674072
1395.3701171875,1344.8486328125,50.52147674560547,1.4856789112091064,3.5664687156677246,0.4580504596233368,0.44737961888313293,0.4580504596233368,0.44737961888313293,53.18742752075195,0.5112772583961487,46,0.0009436707717194508,1.8756182193756104
1395.5931396484375,1344.8814697265625,50.71172332763672,1.451536774635315,3.619635581970215,0.4569803476333618,0.44642186164855957,0.4569803476333618,0.44642186164855957,53.1545295715332,0.5373150110244751,47,0.0009412452087721706,1.906034231185913
1394.451904296875,1344.6412353515625,49.810646057128906,1.3780492544174194,3.603015661239624,0.4563389718532562,0.44588473439216614,0.4563389718532562,0.44588473439216614,53.12117004394531,0.5635378956794739,48,0.000938771806621712,1.8463718891143799
1393.11669921875,1344.666748046875,48.45001220703125,1.328771948814392,3.5162293910980225,0.4563186764717102,0.44611668586730957,0.4563186764717102,0.44611668586730957,53.08720016479492,0.589988648891449,49,0.0009362508365044934,1.8847639560699463
1390.8800048828125,1344.251953125,46.628028869628906,1.2639323472976685,3.3988704681396484,0.4567209482192993,0.44683974981307983,0.4567209482192993,0.44683974981307983,53.05309295654297,0.6164477467536926,50,0.0009336825748732968,1.8811216354370117
1390.3609619140625,1344.085205078125,46.275726318359375,1.2482813596725464,3.37929105758667,0.4571194350719452,0.4476940929889679,0.4571194350719452,0.4476940929889679,53.01911163330078,0.6427433490753174,51,0.0009310673033669517,1.8644084930419922
1391.05126953125,1343.8912353515625,47.16002655029297,1.208759069442749,3.5072431564331055,0.45759034156799316,0.4488005042076111,0.45759034156799316,0.4488005042076111,52.985599517822266,0.6686630249023438,52,0.0009284053087794505,1.8716952800750732
1388.6553955078125,1343.436767578125,45.218650817871094,1.149067759513855,3.3727970123291016,0.45824331045150757,0.45003238320350647,0.45824331045150757,0.45003238320350647,52.95204544067383,0.6945204734802246,53,0.0009256968830284974,1.8505496978759766
1384.8880615234375,1343.11962890625,41.76838684082031,1.100831389427185,3.07600736618042,0.45938777923583984,0.4517376124858856,0.45938777923583984,0.4517376124858856,52.91943359375,0.7196788787841797,54,0.0009229423231234972,1.879798412322998
1384.75146484375,1342.8841552734375,41.867313385009766,1.1033101081848145,3.083420991897583,0.46096858382225037,0.45390206575393677,0.46096858382225037,0.45390206575393677,52.88847732543945,0.743629515171051,55,0.0009201419311329846,1.8953030109405518
1382.921875,1342.6968994140625,40.2249870300293,1.064245581626892,2.9582529067993164,0.4625724256038666,0.4561117887496948,0.4625724256038666,0.4561117887496948,52.85752868652344,0.7675180435180664,56,0.0009172960141514989,1.8781335353851318
1379.545166015625,1342.26220703125,37.28297805786133,1.0474544763565063,2.6808433532714844,0.4643875062465668,0.45863425731658936,0.4643875062465668,0.45863425731658936,52.8255615234375,0.7919466495513916,57,0.0009144048842659077,1.8625004291534424
1378.2645263671875,1341.9691162109375,36.29535675048828,1.0167312622070312,2.612804412841797,0.466101735830307,0.4610867202281952,0.466101735830307,0.4610867202281952,52.79293441772461,0.8166862726211548,58,0.0009114688585211832,2.1785829067230225
1376.108642578125,1341.6024169921875,34.50621032714844,1.0017104148864746,2.448910713195801,0.4676121175289154,0.46342360973358154,0.4676121175289154,0.46342360973358154,52.75973892211914,0.8416645526885986,59,0.0009084882588856339,1.8653898239135742
1375.775146484375,1341.356201171875,34.41889190673828,0.974479615688324,2.467409610748291,0.46907007694244385,0.46580275893211365,0.46907007694244385,0.46580275893211365,52.728702545166016,0.8650751113891602,60,0.0009054634122155986,1.9007465839385986
1374.322021484375,1341.408447265625,32.91354751586914,0.9613537788391113,2.33000111579895,0.47031280398368835,0.46790215373039246,0.47031280398368835,0.46790215373039246,52.69802474975586,0.888176441192627,61,0.0009023946502196013,1.8884892463684082
1373.2041015625,1341.1795654296875,32.024539947509766,0.9366424083709717,2.2658114433288574,0.4715005159378052,0.47006887197494507,0.4715005159378052,0.47006887197494507,52.6665153503418,0.9117258787155151,62,0.0008992823094219767,1.8800225257873535
1371.45947265625,1341.1048583984375,30.354610443115234,0.9427196383476257,2.0927412509918213,0.47253498435020447,0.4723038077354431,0.47253498435020447,0.4723038077354431,52.63343048095703,0.9360766410827637,63,0.0008961267311259662,1.879704475402832
1370.415771484375,1340.863525390625,29.552202224731445,0.9546542167663574,2.000566005706787,0.47300177812576294,0.4742322266101837,0.47300177812576294,0.4742322266101837,52.59952163696289,0.9607932567596436,64,0.0008929282613762903,1.8914763927459717
1371.8094482421875,1340.5439453125,31.265525817871094,0.9809144735336304,2.1456382274627686,0.47292792797088623,0.4756533205509186,0.47292792797088623,0.4756533205509186,52.56813430786133,0.9837172627449036,65,0.0008896872509212002,1.8978550434112549
1369.1502685546875,1340.2657470703125,28.884536743164062,0.9583736062049866,1.9300800561904907,0.4731338918209076,0.4766363799571991,0.4731338918209076,0.4766363799571991,52.53623962402344,1.006880283355713,66,0.0008864040551740152,1.8681437969207764
1368.7679443359375,1340.0030517578125,28.76491355895996,0.9614101052284241,1.9150811433792114,0.47346532344818115,0.4778601825237274,0.47346532344818115,0.4778601825237274,52.501976013183594,1.0311734676361084,67,0.0008830790341741476,1.886228322982788
1367.3082275390625,1339.6676025390625,27.640657424926758,0.9355362057685852,1.8285294771194458,0.47398945689201355,0.47885897755622864,0.47398945689201355,0.47885897755622864,52.467464447021484,1.0555037260055542,68,0.000879712552547619,1.882777452468872
1368.1158447265625,1339.385498046875,28.730361938476562,0.881877601146698,1.9911586046218872,0.47420910000801086,0.47954267263412476,0.47420910000801086,0.47954267263412476,52.43550109863281,1.0780792236328125,69,0.0008763049794670771,1.8855605125427246
1365.45751953125,1339.192138671875,26.26542091369629,0.8355600237846375,1.7909821271896362,0.4746062457561493,0.48004329204559326,0.4746062457561493,0.48004329204559326,52.40361022949219,1.1005265712738037,70,0.0008728566886113098,1.8622972965240479
1367.2099609375,1339.072021484375,28.13798713684082,0.8084327578544617,2.0053658485412598,0.4753279387950897,0.4805906414985657,0.4753279387950897,0.4805906414985657,52.372615814208984,1.1223323345184326,71,0.000869368058124268,1.852607250213623
1366.7296142578125,1338.848388671875,27.881193161010742,0.7636530995368958,2.0244662761688232,0.4755854904651642,0.4808829724788666,0.4755854904651642,0.4808829724788666,52.34267807006836,1.143394947052002,72,0.0008658394705735983,1.8887042999267578
1363.96484375,1338.50927734375,25.455533981323242,0.7400487065315247,1.8055047988891602,0.47558921575546265,0.48100635409355164,0.47558921575546265,0.48100635409355164,52.312469482421875,1.164565086364746,73,0.0008622713129086888,1.8776297569274902
1371.5550537109375,1338.441162109375,33.11385726928711,0.7401203513145447,2.571265459060669,0.4759000837802887,0.48146459460258484,0.4759000837802887,0.48146459460258484,52.28489685058594,1.1839103698730469,74,0.0008586639764182372,1.8799152374267578
1377.9600830078125,1338.1837158203125,39.776424407958984,0.7193110585212708,3.258331298828125,0.47623029351234436,0.481970876455307,0.47623029351234436,0.481970876455307,52.25978088378906,1.2015472650527954,75,0.0008550178566873405,1.8914318084716797
1367.0931396484375,1337.7530517578125,29.340072631835938,0.7192622423171997,2.214745044708252,0.4765477776527405,0.4824490249156952,0.4765477776527405,0.4824490249156952,52.236663818359375,1.2178009748458862,76,0.0008513333535541156,1.8708453178405762
1362.584228515625,1337.4150390625,25.169185638427734,0.7086358666419983,1.8082828521728516,0.47688037157058716,0.4829057455062866,0.47688037157058716,0.4829057455062866,52.212398529052734,1.2347842454910278,77,0.0008476108710658509,1.8554458618164062
1362.4429931640625,1336.837646484375,25.60529327392578,0.6922911405563354,1.8682382106781006,0.4770102798938751,0.4830890893936157,0.4770102798938751,0.4830890893936157,52.18780517578125,1.251966118812561,78,0.0008438508174347005,1.8945958614349365
1361.56884765625,1336.5411376953125,25.027740478515625,0.6936873197555542,1.8090866804122925,0.47715866565704346,0.48338785767555237,0.47715866565704346,0.48338785767555237,52.16244888305664,1.2696008682250977,79,0.0008400536049929166,1.886693000793457
1361.1307373046875,1336.14599609375,24.98470115661621,0.7050831913948059,1.7933869361877441,0.47765836119651794,0.4842052757740021,0.47765836119651794,0.4842052757740021,52.138248443603516,1.2864340543746948,80,0.0008362196501476343,1.9085955619812012
1360.7213134765625,1335.71484375,25.00645637512207,0.703959584236145,1.7966861724853516,0.4782477617263794,0.48486945033073425,0.4782477617263794,0.48486945033073425,52.114681243896484,1.302819013595581,81,0.0008323493733352072,1.8719544410705566
1359.28369140625,1335.2982177734375,23.98542022705078,0.695408821105957,1.7031331062316895,0.47869226336479187,0.4852586090564728,0.47869226336479187,0.4852586090564728,52.09016418457031,1.3197849988937378,82,0.0008284431989751018,1.8632822036743164
1359.0146484375,1334.912109375,24.102514266967773,0.6730263829231262,1.7372249364852905,0.4786001741886139,0.48488470911979675,0.4786001741886139,0.48488470911979675,52.06517791748047,1.3370126485824585,83,0.000824501555423355,1.8886754512786865
1357.4110107421875,1334.4476318359375,22.963354110717773,0.6487858891487122,1.6475496292114258,0.4786321520805359,0.4847565293312073,0.4786321520805359,0.4847565293312073,52.039955139160156,1.3543424606323242,84,0.0008205248749256009,1.8625168800354004
1356.46533203125,1333.4884033203125,22.97696304321289,0.6701335906982422,1.6275627613067627,0.4793117940425873,0.4852370619773865,0.4793117940425873,0.4852370619773865,52.013710021972656,1.3722690343856812,85,0.000816513593569669,1.89634370803833
1355.5867919921875,1332.740966796875,22.845773696899414,0.6443570852279663,1.6402204036712646,0.4801904857158661,0.48582330346107483,0.4801904857158661,0.48582330346107483,51.98759841918945,1.3900574445724487,86,0.0008124681512377632,2.224764108657837
1354.30615234375,1331.66650390625,22.63962745666504,0.6576453447341919,1.606317400932312,0.48056548833847046,0.48592305183410645,0.48056548833847046,0.48592305183410645,51.96129608154297,1.4079170227050781,87,0.000808388991558223,1.8823857307434082
1352.947998046875,1330.3704833984375,22.577545166015625,0.6604664921760559,1.5972880125045776,0.4803297519683838,0.4855998158454895,0.4803297519683838,0.4855998158454895,51.93544006347656,1.425439715385437,88,0.0008042765618568752,1.877509593963623
1351.347412109375,1328.798095703125,22.54930877685547,0.6671620607376099,1.587768793106079,0.4803294241428375,0.4855460822582245,0.4803294241428375,0.4855460822582245,51.909488677978516,1.4429529905319214,89,0.0008001313131079794,1.9076824188232422
1348.772705078125,1326.0555419921875,22.71721649169922,0.6842583417892456,1.5874632596969604,0.4809805452823639,0.4860132336616516,0.4809805452823639,0.4860132336616516,51.88372802734375,1.4602909088134766,90,0.0007959536998847737,1.8861055374145508
1346.3997802734375,1323.5245361328125,22.87527084350586,0.7196576595306396,1.5678695440292358,0.4815608561038971,0.4864037334918976,0.4815608561038971,0.4864037334918976,51.857933044433594,1.4775826930999756,91,0.0007917441803096255,1.9023313522338867
1343.5316162109375,1320.01416015625,23.51750946044922,0.7517642974853516,1.5999865531921387,0.4814179241657257,0.4862755835056305,0.4814179241657257,0.4862755835056305,51.83262634277344,1.4945014715194702,92,0.0007875032160037932,1.9340169429779053
1340.234619140625,1315.9404296875,24.294200897216797,0.7975008487701416,1.631919264793396,0.48084956407546997,0.4858079254627228,0.48084956407546997,0.4858079254627228,51.807647705078125,1.5111371278762817,93,0.0007832312720368042,1.89125657081604
1336.08984375,1311.2301025390625,24.85976791381836,0.837864100933075,1.6481126546859741,0.48059919476509094,0.48532870411872864,0.48059919476509094,0.48532870411872864,51.78292465209961,1.5275310277938843,94,0.0007789288168754548,1.9377305507659912
1331.49755859375,1306.338623046875,25.158937454223633,0.8987658619880676,1.617127776145935,0.48075148463249207,0.4849790930747986,0.48075148463249207,0.4849790930747986,51.757511138916016,1.5442262887954712,95,0.0007745963223324379,1.893676996231079
1327.5777587890625,1301.0028076171875,26.574893951416016,0.9603917598724365,1.697097659111023,0.4809470772743225,0.48471617698669434,0.4809470772743225,0.48471617698669434,51.7325325012207,1.5605510473251343,96,0.0007702342635146028,1.900974988937378
1323.1932373046875,1295.6162109375,27.57699966430664,1.049202799797058,1.7084972858428955,0.48031526803970337,0.4842289090156555,0.48031526803970337,0.4842289090156555,51.70747375488281,1.5768027305603027,97,0.000765843118770855,1.8741180896759033
1318.327392578125,1290.7879638671875,27.53939437866211,1.1394187211990356,1.6145206689834595,0.4791417419910431,0.483614981174469,0.4791417419910431,0.483614981174469,51.682106018066406,1.5930787324905396,98,0.0007614233696396991,1.8995640277862549
1313.8114013671875,1285.8609619140625,27.950397491455078,1.1438907384872437,1.651149034500122,0.47864601016044617,0.4832931160926819,0.47864601016044617,0.4832931160926819,51.65713119506836,1.609002947807312,99,0.0007569755007964334,1.8992507457733154
1310.385986328125,1282.048095703125,28.337860107421875,1.2137283086776733,1.6200575828552246,0.47867551445961,0.48321816325187683,0.47867551445961,0.48321816325187683,51.632144927978516,1.62479567527771,100,0.0007524999999999996,1.8647301197052002
1305.88916015625,1278.4927978515625,27.39635467529297,1.1362056732177734,1.6034297943115234,0.47942325472831726,0.4830952286720276,0.47942325472831726,0.4830952286720276,51.60810470581055,1.6399263143539429,101,0.0007479973580394943,1.9220209121704102
1303.1094970703125,1275.7586669921875,27.350807189941406,1.1336127519607544,1.6014678478240967,0.4800269305706024,0.4826839566230774,0.4800269305706024,0.4826839566230774,51.584556579589844,1.6546621322631836,102,0.0007434680686803487,1.8824021816253662
1299.009765625,1272.3004150390625,26.70938491821289,1.1008002758026123,1.5701382160186768,0.48037365078926086,0.4823859930038452,0.48037365078926086,0.4823859930038452,51.56140899658203,1.669055461883545,103,0.0007389126286101815,1.8961703777313232
1296.4322509765625,1269.9788818359375,26.45334243774414,1.075435996055603,1.5698983669281006,0.4809790849685669,0.4820346534252167,0.4809790849685669,0.4820346534252167,51.53800964355469,1.6834648847579956,104,0.0007343315373843313,1.9022018909454346
1294.8082275390625,1268.21533203125,26.592864990234375,1.0148494243621826,1.6444370746612549,0.48217707872390747,0.4818686842918396,0.48217707872390747,0.4818686842918396,51.515045166015625,1.6975280046463013,105,0.0007297252973710753,1.8975703716278076
1291.6541748046875,1266.360595703125,25.293556213378906,0.9667889475822449,1.5625666379928589,0.4828607738018036,0.4817993640899658,0.4828607738018036,0.4817993640899658,51.49263000488281,1.711181879043579,106,0.0007250944136965387,1.8924338817596436
1290.15625,1264.8460693359375,25.310218811035156,0.9134015440940857,1.6176202297210693,0.48310938477516174,0.4813317656517029,0.48310938477516174,0.4813317656517029,51.469974517822266,1.7248746156692505,107,0.0007204393941893019,1.8783009052276611
1289.4693603515625,1264.133056640625,25.336307525634766,0.8712897896766663,1.6623411178588867,0.48341336846351624,0.4806380867958069,0.48341336846351624,0.4806380867958069,51.448143005371094,1.7380282878875732,108,0.0007157607493247106,1.911790370941162
1287.609375,1262.8863525390625,24.72307586669922,0.8477123975753784,1.6245951652526855,0.4836116433143616,0.4802696108818054,0.4836116433143616,0.4802696108818054,51.42686462402344,1.7508044242858887,109,0.0007110589921688983,1.9025108814239502
1286.263427734375,1262.335205078125,23.92827033996582,0.8456869125366211,1.547140121459961,0.48401787877082825,0.4802579879760742,0.48401787877082825,0.4802579879760742,51.405887603759766,1.7633475065231323,110,0.0007063346383225208,1.9174857139587402
1285.145751953125,1261.52734375,23.61837387084961,0.7857236862182617,1.5761137008666992,0.48477956652641296,0.48016029596328735,0.48477956652641296,0.48016029596328735,51.385894775390625,1.7752916812896729,111,0.0007015882058642161,1.9111518859863281
1285.3826904296875,1261.80517578125,23.577470779418945,0.7543030381202698,1.6034440994262695,0.48502933979034424,0.4798298478126526,0.48502933979034424,0.4798298478126526,51.36637878417969,1.786931037902832,112,0.0006968202152937907,1.9168667793273926
1283.638916015625,1260.445556640625,23.19331169128418,0.7759040594100952,1.5434271097183228,0.4847796559333801,0.47955843806266785,0.4847796559333801,0.47955843806266785,51.346614837646484,1.798656702041626,113,0.000692031189475141,1.870220422744751
1283.2607421875,1260.552490234375,22.708297729492188,0.7322317361831665,1.538597822189331,0.48473235964775085,0.47959014773368835,0.48473235964775085,0.47959014773368835,51.32767868041992,1.8098844289779663,114,0.0006872216535789155,2.203862428665161
1282.041259765625,1259.923095703125,22.118133544921875,0.7072933912277222,1.504520058631897,0.4849391281604767,0.47960028052330017,0.4849391281604767,0.47960028052330017,51.307403564453125,1.8217835426330566,115,0.0006823921350249233,1.8804266452789307
1281.4605712890625,1259.810546875,21.649988174438477,0.6958762407302856,1.4691225290298462,0.4853132367134094,0.4796787202358246,0.4853132367134094,0.4796787202358246,51.28716278076172,1.8336371183395386,116,0.0006775431634242984,1.9094908237457275
1281.8597412109375,1259.0693359375,22.790382385253906,0.7171832919120789,1.5618549585342407,0.48555052280426025,0.4798535108566284,0.48555052280426025,0.4798535108566284,51.26832962036133,1.8446784019470215,117,0.0006726752705214191,1.9069597721099854
1281.6317138671875,1259.5494384765625,22.082290649414062,0.7027018070220947,1.505527138710022,0.48565831780433655,0.4798595607280731,0.48565831780433655,0.4798595607280731,51.2503776550293,1.8552144765853882,118,0.0006677889901355985,1.8494699001312256
1280.7318115234375,1258.5765380859375,22.15532684326172,0.6743797063827515,1.5411529541015625,0.48572057485580444,0.4798402190208435,0.48572057485580444,0.4798402190208435,51.23305892944336,1.865377426147461,119,0.0006628848581025445,1.8656189441680908
1281.0006103515625,1258.83349609375,22.167156219482422,0.6574409604072571,1.559274673461914,0.485779345035553,0.48002302646636963,0.485779345035553,0.48002302646636963,51.216373443603516,1.875179648399353,120,0.0006579634122155989,1.8970296382904053
1279.5211181640625,1258.507080078125,21.0140380859375,0.6480669975280762,1.4533365964889526,0.48583585023880005,0.4803716838359833,0.48583585023880005,0.4803716838359833,51.19865798950195,1.885524034500122,121,0.0006530251921667629,1.898451805114746
1280.456298828125,1258.5030517578125,21.953248977661133,0.6398937106132507,1.5554312467575073,0.48600319027900696,0.4808046221733093,0.48600319027900696,0.4808046221733093,51.182273864746094,1.8951085805892944,122,0.0006480707394875134,1.9036123752593994
1279.7464599609375,1258.593994140625,21.152450561523438,0.6287438273429871,1.4865012168884277,0.4861605167388916,0.48106855154037476,0.4861605167388916,0.48106855154037476,51.16663360595703,1.904269814491272,123,0.0006431005974894185,1.8682923316955566
1279.349365234375,1257.970947265625,21.37844467163086,0.6102396249771118,1.5276049375534058,0.4863423705101013,0.48117795586586,0.4863423705101013,0.48117795586586,51.15153884887695,1.9131158590316772,124,0.0006381153112045565,1.8958358764648438
1279.947998046875,1258.115478515625,21.832571029663086,0.6156208515167236,1.5676363706588745,0.48653435707092285,0.48132088780403137,0.48653435707092285,0.48132088780403137,51.137020111083984,1.921636700630188,125,0.0006331154273257479,1.8826706409454346
1278.4312744140625,1257.5850830078125,20.846172332763672,0.6229680776596069,1.4616491794586182,0.48670879006385803,0.48151594400405884,0.48670879006385803,0.48151594400405884,51.1220817565918,1.9303867816925049,126,0.000628101494146603,1.885206937789917
1281.28515625,1257.809326171875,23.475797653198242,0.6191415786743164,1.728438138961792,0.48678886890411377,0.48176708817481995,0.48678886890411377,0.48176708817481995,51.10841369628906,1.938407063484192,127,0.0006230740615013976,1.9130582809448242
1283.0343017578125,1258.3419189453125,24.69235610961914,0.6126131415367126,1.856622576713562,0.48684248328208923,0.48194044828414917,0.48684248328208923,0.48194044828414917,51.09595489501953,1.945732831954956,128,0.0006180336807047746,1.8853020668029785
1280.3358154296875,1258.523193359375,21.812652587890625,0.6143965721130371,1.5668689012527466,0.4868973195552826,0.4820632338523865,0.4868973195552826,0.4820632338523865,51.084327697753906,1.9525752067565918,129,0.0006129809044912887,1.8883516788482666
1278.656494140625,1257.484130859375,21.17232894897461,0.6033028364181519,1.5139299631118774,0.48698773980140686,0.48216599225997925,0.48698773980140686,0.48216599225997925,51.0727653503418,1.9593855142593384,130,0.0006079162869547909,1.8575267791748047
1279.401123046875,1257.36279296875,22.038272857666016,0.5922234058380127,1.6116039752960205,0.487251341342926,0.48254668712615967,0.487251341342926,0.48254668712615967,51.061500549316406,1.9660212993621826,131,0.0006028403834876673,1.8913629055023193
1279.027587890625,1257.697509765625,21.330116271972656,0.5846262574195862,1.5483853816986084,0.4875163733959198,0.48301631212234497,0.4875163733959198,0.48301631212234497,51.05062484741211,1.972434639930725,132,0.0005977537507199337,1.8714642524719238
1277.4686279296875,1257.1168212890625,20.351863861083984,0.5870522260665894,1.448134183883667,0.48772913217544556,0.48345857858657837,0.48772913217544556,0.48345857858657837,51.03895568847656,1.9792970418930054,133,0.0005926569464581937,1.8701684474945068
1281.7530517578125,1257.6201171875,24.132898330688477,0.5920522212982178,1.821237564086914,0.4877452850341797,0.4837459921836853,0.4877452850341797,0.4837459921836853,51.0283088684082,1.985572338104248,134,0.0005875505296244705,1.878807783126831
1287.4951171875,1259.6378173828125,27.8572998046875,0.6022998094558716,2.1834301948547363,0.4877232611179352,0.483938068151474,0.4877232611179352,0.483938068151474,51.01863098144531,1.9912832975387573,135,0.0005824350601949142,1.886937141418457
1285.978759765625,1260.861328125,25.117443084716797,0.5974591970443726,1.9142850637435913,0.48770061135292053,0.4840676784515381,0.48770061135292053,0.4840676784515381,51.00975799560547,1.9965254068374634,136,0.0005773110991383937,1.8698792457580566
1280.456787109375,1259.7581787109375,20.698623657226562,0.5857713222503662,1.4840909242630005,0.4877239465713501,0.48415079712867737,0.4877239465713501,0.48415079712867737,51.00117874145508,2.0016024112701416,137,0.0005721792083549806,1.9145243167877197
1278.4571533203125,1256.9676513671875,21.489561080932617,0.5823215842247009,1.5666344165802002,0.4879258871078491,0.4843176603317261,0.4879258871078491,0.4843176603317261,50.992557525634766,2.006697416305542,138,0.0005670399506143306,1.8912816047668457
1279.9930419921875,1257.5452880859375,22.44776153564453,0.569156289100647,1.6756200790405273,0.48824867606163025,0.4846026301383972,0.48824867606163025,0.4846026301383972,50.984130859375,2.0116827487945557,139,0.000561893889493969,1.8790810108184814
1281.0244140625,1259.0189208984375,22.005504608154297,0.5665212869644165,1.6340293884277344,0.4885319173336029,0.48490938544273376,0.4885319173336029,0.48490938544273376,50.975990295410156,2.0165116786956787,140,0.0005567415893174885,1.9083600044250488
1278.9573974609375,1258.0638427734375,20.89349937438965,0.5694144368171692,1.5199356079101562,0.4887360632419586,0.48519912362098694,0.4887360632419586,0.48519912362098694,50.96792221069336,2.0212926864624023,141,0.0005515836150926646,2.2022128105163574
1276.9560546875,1256.561767578125,20.394344329833984,0.5720794200897217,1.4673548936843872,0.4888356924057007,0.4854590594768524,0.4888356924057007,0.4854590594768524,50.959938049316406,2.026031970977783,142,0.0005464205324494961,1.8857123851776123
1279.010009765625,1257.46337890625,21.54667091369629,0.5948610901832581,1.5598061084747314,0.48881423473358154,0.48562827706336975,0.48881423473358154,0.48562827706336975,50.95241165161133,2.0304954051971436,143,0.0005412529075781776,1.8943302631378174
1279.2576904296875,1258.4375,20.82024574279785,0.5902068614959717,1.4918177127838135,0.4887749254703522,0.48573169112205505,0.4887749254703522,0.48573169112205505,50.94520568847656,2.0347821712493896,144,0.0005360813071670101,1.8568856716156006
1278.554443359375,1258.0433349609375,20.511146545410156,0.5901612639427185,1.4609532356262207,0.48881831765174866,0.4858485758304596,0.48881831765174866,0.4858485758304596,50.937828063964844,2.0391650199890137,145,0.0005309062983402573,1.897718906402588
1277.156982421875,1256.241943359375,20.91497802734375,0.5687264204025269,1.5227713584899902,0.4890601933002472,0.48610788583755493,0.4890601933002472,0.48610788583755493,50.930274963378906,2.043651819229126,146,0.0005257284485959538,1.8790457248687744
1277.8275146484375,1257.2679443359375,20.559619903564453,0.5610914826393127,1.4948705434799194,0.48938295245170593,0.48644107580184937,0.48938295245170593,0.48644107580184937,50.922767639160156,2.0481207370758057,147,0.0005205483257436734,1.8644120693206787
1277.908203125,1257.8126220703125,20.095619201660156,0.5435744524002075,1.4659875631332397,0.48964911699295044,0.4867950975894928,0.48964911699295044,0.4867950975894928,50.915096282958984,2.052678108215332,148,0.0005153664978422616,1.8966639041900635
1277.50732421875,1256.9925537109375,20.514751434326172,0.5475783348083496,1.503896713256836,0.48983052372932434,0.4870891869068146,0.48983052372932434,0.4870891869068146,50.90775680541992,2.0570499897003174,149,0.0005101835331375416,1.8649189472198486
1277.6290283203125,1256.3543701171875,21.274642944335938,0.5492442846298218,1.578220009803772,0.4899066090583801,0.4872663617134094,0.4899066090583801,0.4872663617134094,50.900848388671875,2.0611655712127686,150,0.0005049999999999999,1.910614013671875
1276.7340087890625,1256.5472412109375,20.186748504638672,0.5528972744941711,1.4657776355743408,0.489932119846344,0.48738908767700195,0.489932119846344,0.48738908767700195,50.89409255981445,2.0651888847351074,151,0.0004998164668624582,1.8855056762695312
1276.7308349609375,1256.7716064453125,19.959213256835938,0.5562704205513,1.4396510124206543,0.4899517893791199,0.48743173480033875,0.4899517893791199,0.48743173480033875,50.88702392578125,2.069401741027832,152,0.0004946335021577383,1.8934903144836426
1276.825927734375,1256.3367919921875,20.489187240600586,0.5551302433013916,1.493788480758667,0.4901024103164673,0.4875660836696625,0.4901024103164673,0.4875660836696625,50.87981414794922,2.0736963748931885,153,0.0004894516742563263,1.8990843296051025
1276.561767578125,1256.08056640625,20.481143951416016,0.5558131337165833,1.4923012256622314,0.4903275966644287,0.4877685606479645,0.4903275966644287,0.4877685606479645,50.87241744995117,2.0781054496765137,154,0.000484271551404046,1.8696460723876953
1275.5743408203125,1256.1661376953125,19.408151626586914,0.5499268174171448,1.3908884525299072,0.4905923008918762,0.4879952371120453,0.4905923008918762,0.4879952371120453,50.86302185058594,2.083660364151001,155,0.0004790937016597426,1.9063727855682373
1276.99609375,1256.0682373046875,20.927894592285156,0.5554315447807312,1.5373578071594238,0.49065712094306946,0.48819682002067566,0.49065712094306946,0.48819682002067566,50.85427474975586,2.088836669921875,156,0.0004739186928329898,1.9027352333068848
1276.8489990234375,1256.0289306640625,20.820068359375,0.5514575242996216,1.5305492877960205,0.4906817078590393,0.4883357882499695,0.4906817078590393,0.4883357882499695,50.846126556396484,2.093661308288574,157,0.0004687470924218222,1.868312120437622
1275.7022705078125,1256.16357421875,19.53864288330078,0.5384947061538696,1.4153696298599243,0.49069324135780334,0.4884413480758667,0.49069324135780334,0.4884413480758667,50.83805465698242,2.0984489917755127,158,0.00046357946755050356,1.865833044052124
1275.94140625,1255.9615478515625,19.97991180419922,0.5435370206832886,1.4544540643692017,0.4907603859901428,0.48856160044670105,0.4907603859901428,0.48856160044670105,50.829872131347656,2.103294849395752,159,0.00045841638490733513,1.8959693908691406
1276.302978515625,1256.0323486328125,20.27065658569336,0.5405421853065491,1.4865236282348633,0.49092844128608704,0.4887518286705017,0.49092844128608704,0.4887518286705017,50.82179641723633,2.1080820560455322,160,0.00045325841068251133,1.8891572952270508
1275.7001953125,1255.966796875,19.733455657958984,0.5301218628883362,1.4432235956192017,0.49112236499786377,0.4889424443244934,0.49112236499786377,0.4889424443244934,50.81379699707031,2.112828016281128,161,0.0004481061105060308,1.860356092453003
1275.2833251953125,1255.875732421875,19.407562255859375,0.5300105214118958,1.4107458591461182,0.49133411049842834,0.4891676604747772,0.49133411049842834,0.4891676604747772,50.80438995361328,2.1183767318725586,162,0.0004429600493856691,1.86191987991333
1275.428466796875,1255.772216796875,19.656286239624023,0.5360514521598816,1.429577112197876,0.49141544103622437,0.4893152415752411,0.49141544103622437,0.4893152415752411,50.79542922973633,2.123671293258667,163,0.000437820791645019,1.8976976871490479
1275.947998046875,1256.0322265625,19.915742874145508,0.5387021899223328,1.4528721570968628,0.49147576093673706,0.489421546459198,0.49147576093673706,0.489421546459198,50.78682327270508,2.128755807876587,164,0.00043268890086160604,1.8834764957427979
1275.63525390625,1255.7730712890625,19.862140655517578,0.525557279586792,1.460656762123108,0.49153998494148254,0.4895283877849579,0.49153998494148254,0.4895283877849579,50.77770233154297,2.1341359615325928,165,0.0004275649398050855,1.898273229598999
1275.4022216796875,1255.7679443359375,19.634313583374023,0.5339582562446594,1.4294730424880981,0.49174070358276367,0.48975643515586853,0.49174070358276367,0.48975643515586853,50.76865005493164,2.139478921890259,166,0.0004224494703755289,1.8820946216583252
1274.9959716796875,1255.779541015625,19.21648597717285,0.5191589593887329,1.4024896621704102,0.4919688105583191,0.4900076389312744,0.4919688105583191,0.4900076389312744,50.759185791015625,2.1450552940368652,167,0.00041734305354180595,1.8638997077941895
1274.9761962890625,1255.6326904296875,19.34354591369629,0.5295085906982422,1.404845952987671,0.49209120869636536,0.4902205169200897,0.49209120869636536,0.4902205169200897,50.750221252441406,2.150341510772705,168,0.000412246249280066,1.9184303283691406
1276.03076171875,1255.61474609375,20.416059494018555,0.5138911008834839,1.527714729309082,0.4921726882457733,0.4903813898563385,0.4921726882457733,0.4903813898563385,50.74187469482422,2.1552672386169434,169,0.0004071596165123322,2.1556854248046875
1274.3829345703125,1255.415283203125,18.967609405517578,0.5115108489990234,1.3852500915527344,0.4922030568122864,0.49048182368278503,0.4922030568122864,0.49048182368278503,50.73299789428711,2.1604952812194824,170,0.0004020837130452088,1.8916945457458496
1274.748779296875,1255.56982421875,19.178966522216797,0.5146410465240479,1.4032557010650635,0.4922564625740051,0.4906473755836487,0.4922564625740051,0.4906473755836487,50.72429656982422,2.165623426437378,171,0.00039701909550871116,1.888028860092163
1274.9482421875,1255.4532470703125,19.49498748779297,0.5199059247970581,1.4295927286148071,0.4923790693283081,0.49082887172698975,0.4923790693283081,0.49082887172698975,50.715858459472656,2.1705996990203857,172,0.0003919663192952252,1.874549150466919
1274.808837890625,1255.5201416015625,19.288639068603516,0.5193069577217102,1.4095571041107178,0.4925335645675659,0.4910406470298767,0.4925335645675659,0.4910406470298767,50.70724868774414,2.175670623779297,173,0.0003869259384986023,1.8788213729858398
1275.135009765625,1255.5069580078125,19.628089904785156,0.52278733253479,1.4400217533111572,0.4927177429199219,0.49126139283180237,0.4927177429199219,0.49126139283180237,50.699100494384766,2.1804752349853516,174,0.0003818985058533967,1.8674874305725098
1275.414306640625,1255.3043212890625,20.11000633239746,0.5156675577163696,1.495332956314087,0.49284684658050537,0.491466224193573,0.49284684658050537,0.491466224193573,50.69150924682617,2.184955596923828,175,0.00037688457267425206,1.8910331726074219
1274.3468017578125,1255.48046875,18.8663272857666,0.5187869668006897,1.3678456544876099,0.4929313659667969,0.4915929138660431,0.4929313659667969,0.4915929138660431,50.684043884277344,2.1893599033355713,176,0.0003718846887954434,1.8848388195037842
1274.21337890625,1255.4830322265625,18.73040771484375,0.5150704383850098,1.3579702377319336,0.49299803376197815,0.49170616269111633,0.49299803376197815,0.49170616269111633,50.67643737792969,2.193845510482788,177,0.0003668994025105812,1.9044032096862793
1274.07275390625,1255.135009765625,18.937795639038086,0.5087378025054932,1.3850417137145996,0.49305620789527893,0.4918511211872101,0.49305620789527893,0.4918511211872101,50.66878890991211,2.1983578205108643,178,0.0003619292605124862,1.899998664855957
1273.921875,1255.2064208984375,18.71544075012207,0.5073621273040771,1.3641819953918457,0.493129700422287,0.492022305727005,0.493129700422287,0.492022305727005,50.66035079956055,2.203315019607544,179,0.00035697480783323686,1.8934211730957031
1274.3846435546875,1255.2918701171875,19.092777252197266,0.5184679627418518,1.3908096551895142,0.4932819604873657,0.4922316074371338,0.4932819604873657,0.4922316074371338,50.65232467651367,2.208028554916382,180,0.00035203658778440076,1.9070944786071777
1274.858154296875,1255.2750244140625,19.58310890197754,0.49767032265663147,1.4606406688690186,0.49340522289276123,0.4924153685569763,0.49340522289276123,0.4924153685569763,50.64488220214844,2.212405204772949,181,0.00034711514189745505,1.8805041313171387
1273.9566650390625,1255.198486328125,18.758174896240234,0.5066691637039185,1.3691482543945312,0.4934712052345276,0.49254950881004333,0.4934712052345276,0.49254950881004333,50.63746643066406,2.216771125793457,182,0.00034221100986440094,1.8607077598571777
1273.8759765625,1255.229736328125,18.64626693725586,0.4942667484283447,1.370360016822815,0.49350446462631226,0.4926488995552063,0.49350446462631226,0.4926488995552063,50.63006591796875,2.221123218536377,183,0.0003373247294785804,1.8787286281585693
1274.231201171875,1255.0814208984375,19.149784088134766,0.49728158116340637,1.4176968336105347,0.4935632050037384,0.4927573800086975,0.4935632050037384,0.4927573800086975,50.62285614013672,2.2253692150115967,184,0.0003324568365757012,1.8877382278442383
1273.8763427734375,1255.079345703125,18.797008514404297,0.5020362734794617,1.3776646852493286,0.4936336576938629,0.4928714334964752,0.4936336576938629,0.4928714334964752,50.61554718017578,2.2296648025512695,185,0.0003276078649750761,1.8641886711120605
1274.3280029296875,1255.1468505859375,19.18113899230957,0.5119434595108032,1.40617036819458,0.4937480390071869,0.49302470684051514,0.4937480390071869,0.49302470684051514,50.60850524902344,2.2338032722473145,186,0.00032277834642108417,1.8719336986541748
1274.315185546875,1255.010009765625,19.305126190185547,0.4960666596889496,1.434445858001709,0.49385109543800354,0.4931582510471344,0.49385109543800354,0.4931582510471344,50.60189437866211,2.237696886062622,187,0.00031796881052485835,1.8656530380249023
1273.5867919921875,1254.914306640625,18.672483444213867,0.49214330315589905,1.3751051425933838,0.4939374029636383,0.4932745397090912,0.4939374029636383,0.4932745397090912,50.595062255859375,2.241710901260376,188,0.00031317978470620867,1.8695330619812012
1274.0333251953125,1255.021728515625,19.011547088623047,0.5070278644561768,1.3941268920898438,0.4939899742603302,0.49336665868759155,0.4939899742603302,0.49336665868759155,50.58832550048828,2.245673656463623,189,0.00030841179413578315,1.881394386291504
1274.083251953125,1255.0155029296875,19.067710876464844,0.4950217008590698,1.4117493629455566,0.49405673146247864,0.4934674799442291,0.49405673146247864,0.4934674799442291,50.58171844482422,2.249558210372925,190,0.0003036653616774785,1.837308645248413
1273.895263671875,1254.9456787109375,18.94956398010254,0.49367889761924744,1.4012774229049683,0.49412867426872253,0.49357280135154724,0.49412867426872253,0.49357280135154724,50.57508087158203,2.2534615993499756,191,0.0002989410078311011,1.8563339710235596
1273.8050537109375,1254.909423828125,18.895645141601562,0.493157297372818,1.3964072465896606,0.4942139983177185,0.4936918616294861,0.4942139983177185,0.4936918616294861,50.56843185424805,2.2573695182800293,192,0.00029423925067528865,1.8481836318969727
1273.89892578125,1254.912841796875,18.986116409301758,0.492053747177124,1.4065579175949097,0.4942651689052582,0.49379730224609375,0.4942651689052582,0.49379730224609375,50.56208419799805,2.2610981464385986,193,0.0002895606058106975,1.8723113536834717
1273.691162109375,1254.9915771484375,18.699569702148438,0.49766165018081665,1.3722952604293823,0.4943279027938843,0.4939076900482178,0.4943279027938843,0.4939076900482178,50.55540084838867,2.265019655227661,194,0.0002849055863034606,1.8449633121490479
1273.6458740234375,1254.7093505859375,18.936561584472656,0.493758887052536,1.3998972177505493,0.4943687319755554,0.4940102696418762,0.4943687319755554,0.4940102696418762,50.54877853393555,2.2689032554626465,195,0.00028027470262892396,2.1547396183013916
1273.696044921875,1254.913818359375,18.782203674316406,0.49029120802879333,1.387929081916809,0.49444809556007385,0.49413439631462097,0.49444809556007385,0.49413439631462097,50.542259216308594,2.272721290588379,196,0.0002756684626156682,1.853745698928833
1273.8304443359375,1254.9036865234375,18.926807403564453,0.5021631717681885,1.3905174732208252,0.49455735087394714,0.49426746368408203,0.49455735087394714,0.49426746368408203,50.53562545776367,2.276604413986206,197,0.000271087371389818,1.8445789813995361
1273.2462158203125,1254.77001953125,18.476192474365234,0.4914649426937103,1.3561543226242065,0.4946705996990204,0.49439311027526855,0.4946705996990204,0.49439311027526855,50.52904510498047,2.2804558277130127,198,0.0002665319313196505,1.8880937099456787
1273.537841796875,1254.79833984375,18.73953628540039,0.4930238425731659,1.3809298276901245,0.4947308301925659,0.4944908618927002,0.4947308301925659,0.4944908618927002,50.52276611328125,2.284128189086914,199,0.00026200264196050494,1.880533218383789
1273.133544921875,1254.6463623046875,18.487197875976562,0.4895654320716858,1.3591543436050415,0.4947777986526489,0.49459531903266907,0.4947777986526489,0.49459531903266907,50.515907287597656,2.2881243228912354,200,0.00025749999999999954,1.9318699836730957
1273.4093017578125,1254.696044921875,18.713205337524414,0.48217710852622986,1.3891433477401733,0.4948617219924927,0.4947001039981842,0.4948617219924927,0.4947001039981842,50.50882339477539,2.2922446727752686,201,0.0002530244992035658,1.8705565929412842
1273.0191650390625,1254.6883544921875,18.330778121948242,0.48518598079681396,1.3478918075561523,0.49495023488998413,0.49483275413513184,0.49495023488998413,0.49483275413513184,50.501991271972656,2.296210527420044,202,0.0002485766303603003,1.8878214359283447
1273.287841796875,1254.4832763671875,18.804508209228516,0.49224376678466797,1.388206958770752,0.4950522482395172,0.49495577812194824,0.4950522482395172,0.49495577812194824,50.494503021240234,2.3005387783050537,203,0.0002441568812291443,1.8749771118164062
1273.0645751953125,1254.7427978515625,18.32181167602539,0.4904056489467621,1.3417755365371704,0.4951535761356354,0.4951082766056061,0.4951535761356354,0.4951082766056061,50.487152099609375,2.3047778606414795,204,0.00023976573648539645,1.9328088760375977
1273.360595703125,1254.6932373046875,18.667354583740234,0.4892430901527405,1.3774923086166382,0.49524572491645813,0.4952497184276581,0.49524572491645813,0.4952497184276581,50.480247497558594,2.308762788772583,205,0.00023540367766756144,1.8792109489440918
1273.0318603515625,1254.496337890625,18.53554344177246,0.47967731952667236,1.3738770484924316,0.49532222747802734,0.49536705017089844,0.49532222747802734,0.49536705017089844,50.473114013671875,2.312870979309082,206,0.0002310711831245444,1.8754050731658936
1272.8450927734375,1254.5238037109375,18.321321487426758,0.4790804386138916,1.3530516624450684,0.4953788220882416,0.49549832940101624,0.4953788220882416,0.49549832940101624,50.46613693237305,2.316879987716675,207,0.00022676872796319514,1.860382080078125
1272.766845703125,1254.3841552734375,18.38262939453125,0.47374293208122253,1.3645200729370117,0.4954259693622589,0.4956027567386627,0.4954259693622589,0.4956027567386627,50.4594612121582,2.320718288421631,208,0.00022249678399620604,1.8707919120788574
1272.85302734375,1254.37939453125,18.473583221435547,0.4809316098690033,1.366426706314087,0.49547141790390015,0.49572277069091797,0.49547141790390015,0.49572277069091797,50.4523811340332,2.3247690200805664,209,0.0002182558196903736,1.8824529647827148
1272.678955078125,1254.443359375,18.23563003540039,0.48944053053855896,1.3341224193572998,0.49553006887435913,0.49583011865615845,0.49553006887435913,0.49583011865615845,50.44512939453125,2.328904151916504,210,0.00021404630011522552,1.850452184677124
1272.479736328125,1254.270751953125,18.208974838256836,0.4816288650035858,1.3392685651779175,0.4955871105194092,0.49595174193382263,0.4955871105194092,0.49595174193382263,50.437992095947266,2.3329672813415527,211,0.0002098686868920198,1.871589183807373
1272.383056640625,1254.3941650390625,17.988950729370117,0.47605881094932556,1.3228362798690796,0.49565210938453674,0.4960575997829437,0.49565210938453674,0.4960575997829437,50.42995071411133,2.3374788761138916,212,0.00020572343814312415,1.8999576568603516
1272.265380859375,1254.2452392578125,18.02011489868164,0.47516027092933655,1.32685124874115,0.4957256615161896,0.4962051212787628,0.4957256615161896,0.4962051212787628,50.42225646972656,2.3417935371398926,213,0.00020161100844177644,1.880150318145752
1272.453857421875,1254.2852783203125,18.168548583984375,0.46634382009506226,1.3505111932754517,0.4957968294620514,0.4963214695453644,0.4957968294620514,0.4963214695453644,50.414608001708984,2.346071720123291,214,0.0001975318487622361,1.8805086612701416
1272.444580078125,1254.2095947265625,18.2349853515625,0.48062676191329956,1.3428717851638794,0.495838463306427,0.49643102288246155,0.495838463306427,0.49643102288246155,50.406978607177734,2.3503305912017822,215,0.00019348640643033024,1.8503363132476807
1272.6934814453125,1254.0704345703125,18.623010635375977,0.47461286187171936,1.387688159942627,0.49585646390914917,0.49650582671165466,0.49585646390914917,0.49650582671165466,50.3996696472168,2.354405403137207,216,0.00018947512507439828,1.8542301654815674
1272.27734375,1254.1474609375,18.129833221435547,0.47536301612854004,1.3376202583312988,0.4958954453468323,0.49657413363456726,0.4958954453468323,0.49657413363456726,50.39219284057617,2.3585519790649414,217,0.00018549844457664425,1.8531603813171387
1272.4912109375,1254.0443115234375,18.446870803833008,0.48176905512809753,1.3629180192947388,0.4960271120071411,0.4966790974140167,0.4960271120071411,0.4966790974140167,50.3840446472168,2.363009452819824,218,0.00018155680102489765,1.8542299270629883
1272.18115234375,1254.1556396484375,18.025476455688477,0.4715006649494171,1.3310470581054688,0.4961795210838318,0.49686282873153687,0.4961795210838318,0.49686282873153687,50.37635040283203,2.367216110229492,219,0.00017765062666479195,1.8581750392913818
1272.4169921875,1254.13330078125,18.28371238708496,0.4727262556552887,1.355644941329956,0.4963209331035614,0.49702444672584534,0.4963209331035614,0.49702444672584534,50.36875534057617,2.371354579925537,220,0.00017378034985236489,1.8721749782562256
1272.1741943359375,1254.03857421875,18.1356258392334,0.4724140465259552,1.3411486148834229,0.49640560150146484,0.4971093237400055,0.49640560150146484,0.4971093237400055,50.36137008666992,2.3753674030303955,221,0.0001699463950070827,1.8528807163238525
1272.2318115234375,1253.9915771484375,18.240245819091797,0.4672664403915405,1.3567581176757812,0.49645182490348816,0.49716421961784363,0.49645182490348816,0.49716421961784363,50.354400634765625,2.3791568279266357,222,0.0001661491825652988,1.884659767150879
1272.210693359375,1253.9842529296875,18.226444244384766,0.4746018350124359,1.3480424880981445,0.4964708089828491,0.4971991181373596,0.4964708089828491,0.4971991181373596,50.34771728515625,2.3827836513519287,223,0.0001623891289341484,2.1238386631011963
1272.49853515625,1254.0029296875,18.495559692382812,0.47602379322052,1.3735321760177612,0.4965154230594635,0.4972483217716217,0.4965154230594635,0.4972483217716217,50.341163635253906,2.386331796646118,224,0.0001586666464458838,1.8517084121704102
1272.2178955078125,1253.9136962890625,18.304176330566406,0.46994155645370483,1.360476016998291,0.49657222628593445,0.4973127245903015,0.49657222628593445,0.4973127245903015,50.33499526977539,2.3896727561950684,225,0.00015498214331265874,1.8427510261535645
1271.9808349609375,1253.938232421875,18.042604446411133,0.47199487686157227,1.3322654962539673,0.4966617524623871,0.4974094033241272,0.4966617524623871,0.4974094033241272,50.32915115356445,2.392831563949585,226,0.00015133602358176218,1.8752164840698242
1271.8134765625,1253.8470458984375,17.96643829345703,0.45756733417510986,1.3390765190124512,0.49676018953323364,0.4975120723247528,0.49676018953323364,0.4975120723247528,50.322898864746094,2.3961799144744873,227,0.00014772868709131046,1.897197961807251
1271.92041015625,1253.8509521484375,18.06951904296875,0.4711979925632477,1.3357540369033813,0.4969137907028198,0.49766770005226135,0.4969137907028198,0.49766770005226135,50.31652069091797,2.3995747566223145,228,0.00014416052942640113,1.871286153793335
1271.4715576171875,1253.808837890625,17.662670135498047,0.4482493996620178,1.318017601966858,0.49698278307914734,0.4977957010269165,0.49698278307914734,0.4977957010269165,50.31034469604492,2.4028549194335938,229,0.0001406319418757314,1.8425843715667725
1271.6773681640625,1253.850830078125,17.826488494873047,0.462492436170578,1.3201563358306885,0.4970093369483948,0.49788668751716614,0.4970093369483948,0.49788668751716614,50.30363082885742,2.4063680171966553,230,0.00013714331138868954,1.8708219528198242
1271.9014892578125,1253.78173828125,18.119752883911133,0.46010127663612366,1.3518739938735962,0.4969787299633026,0.4979339838027954,0.4969787299633026,0.4979339838027954,50.29728698730469,2.409682512283325,231,0.00013369502053292226,1.8728203773498535
1271.98388671875,1253.8016357421875,18.182222366333008,0.44980379939079285,1.3684184551239014,0.49696725606918335,0.4979751706123352,0.49696725606918335,0.4979751706123352,50.291259765625,2.4128258228302,232,0.0001302874474523804,1.8726623058319092
1271.891845703125,1253.8116455078125,18.080181121826172,0.4657498300075531,1.3422683477401733,0.49699345231056213,0.4980272054672241,0.49699345231056213,0.4980272054672241,50.285316467285156,2.4159135818481445,233,0.00012692096582585187,1.8813374042510986
1271.58935546875,1253.6632080078125,17.926183700561523,0.456100732088089,1.3365176916122437,0.4970608651638031,0.4981165826320648,0.4970608651638031,0.4981165826320648,50.27961730957031,2.418869972229004,234,0.00012359594482598416,1.8947885036468506
1271.6807861328125,1253.6409912109375,18.03976821899414,0.47173288464546204,1.3322440385818481,0.4971611797809601,0.4982107877731323,0.4971611797809601,0.4982107877731323,50.27430725097656,2.421621799468994,235,0.00012031274907879919,1.8373205661773682
1271.691162109375,1253.638427734375,18.052764892578125,0.45387008786201477,1.351406455039978,0.497239351272583,0.4983103573322296,0.497239351272583,0.4983103573322296,50.269287109375,2.4242188930511475,236,0.00011707173862370913,1.8747859001159668
1271.6507568359375,1253.6312255859375,18.01953125,0.4609249532222748,1.3410282135009766,0.4972679018974304,0.49838829040527344,0.4972679018974304,0.49838829040527344,50.264217376708984,2.4268336296081543,237,0.00011387326887403316,1.8352839946746826
1271.5675048828125,1253.6175537109375,17.949966430664062,0.4595845639705658,1.3354121446609497,0.4972976744174957,0.4984346926212311,0.4972976744174957,0.4984346926212311,50.25942611694336,2.4292972087860107,238,0.00011071769057802265,1.8553600311279297
1271.4588623046875,1253.5433349609375,17.915489196777344,0.4530962407588959,1.3384525775909424,0.49731379747390747,0.4985007345676422,0.49731379747390747,0.4985007345676422,50.25482177734375,2.4316580295562744,239,0.0001076053497803982,1.8604869842529297
1271.482666015625,1253.638916015625,17.843786239624023,0.46687301993370056,1.3175055980682373,0.497347891330719,0.49854111671447754,0.497347891330719,0.49854111671447754,50.25011444091797,2.43406081199646,240,0.00010453658778440088,1.8884081840515137
1271.2401123046875,1253.56640625,17.673654556274414,0.4536125063896179,1.3137528896331787,0.4974137842655182,0.4986383020877838,0.4974137842655182,0.4986383020877838,50.245487213134766,2.4364173412323,241,0.00010151174111436543,1.8611366748809814
1271.708251953125,1253.494384765625,18.21384620666504,0.462523877620697,1.3588608503341675,0.4974839389324188,0.4987151026725769,0.4974839389324188,0.4987151026725769,50.24126052856445,2.438568115234375,242,9.853114147881633e-05,1.8502881526947021
1271.2275390625,1253.368896484375,17.85869789123535,0.44972097873687744,1.3361488580703735,0.4975350797176361,0.49879756569862366,0.4975350797176361,0.49879756569862366,50.23723602294922,2.440612554550171,243,9.559511573409167e-05,1.8463971614837646
1271.3590087890625,1253.4559326171875,17.903100967407227,0.45191195607185364,1.3383982181549072,0.497576504945755,0.49885493516921997,0.497576504945755,0.49885493516921997,50.23317337036133,2.442667245864868,244,9.270398584850061e-05,1.8500676155090332
1271.4271240234375,1253.60205078125,17.82512855529785,0.45553675293922424,1.3269761800765991,0.49759310483932495,0.49889376759529114,0.49759310483932495,0.49889376759529114,50.22926330566406,2.444638967514038,245,8.985806886701499e-05,1.8535230159759521
1271.64453125,1253.6595458984375,17.98499298095703,0.45378410816192627,1.3447151184082031,0.49761641025543213,0.49894478917121887,0.49761641025543213,0.49894478917121887,50.22557067871094,2.446500539779663,246,8.705767687650239e-05,1.847611665725708
1271.3974609375,1253.542236328125,17.855283737182617,0.4534284472465515,1.3321000337600708,0.49765744805336,0.49898481369018555,0.49765744805336,0.49898481369018555,50.22209548950195,2.448251485824585,247,8.430311697150229e-05,1.838564157485962
1271.611083984375,1253.5057373046875,18.10533332824707,0.45303088426589966,1.3575023412704468,0.4976992607116699,0.499032586812973,0.4976992607116699,0.499032586812973,50.21866989135742,2.4499669075012207,248,8.159469122054909e-05,1.8546605110168457
1271.201904296875,1253.505126953125,17.696731567382812,0.4528542459011078,1.3168189525604248,0.497762531042099,0.4991067349910736,0.497762531042099,0.4991067349910736,50.215179443359375,2.451706886291504,249,7.893269663304782e-05,1.8466713428497314
1271.2445068359375,1253.3955078125,17.848947525024414,0.45579099655151367,1.329103708267212,0.49784204363822937,0.49916180968284607,0.49784204363822937,0.49916180968284607,50.211952209472656,2.453320264816284,250,7.631742512670282e-05,2.1343836784362793
1271.105224609375,1253.478271484375,17.626934051513672,0.4538459777832031,1.308847427368164,0.4979172945022583,0.4992366433143616,0.4979172945022583,0.4992366433143616,50.208824157714844,2.454876661300659,251,7.374916349550603e-05,1.8367536067962646
1270.9827880859375,1253.388916015625,17.593849182128906,0.4507519602775574,1.3086329698562622,0.4979579746723175,0.49928364157676697,0.4979579746723175,0.49928364157676697,50.20562744140625,2.4564545154571533,252,7.122819337828741e-05,1.8748295307159424
1271.2811279296875,1253.4423828125,17.838733673095703,0.45377349853515625,1.3300998210906982,0.49798810482025146,0.499320387840271,0.49798810482025146,0.499320387840271,50.202247619628906,2.458101987838745,253,6.875479122782878e-05,1.874802589416504
1271.1571044921875,1253.471923828125,17.685216903686523,0.45420876145362854,1.3143129348754883,0.497989684343338,0.4993557333946228,0.497989684343338,0.4993557333946228,50.19902801513672,2.4596662521362305,254,6.632922828054862e-05,1.8496425151824951
1271.2098388671875,1253.260986328125,17.948816299438477,0.45338109135627747,1.3415006399154663,0.49800679087638855,0.4993942081928253,0.49800679087638855,0.4993942081928253,50.195987701416016,2.461146593093872,255,6.395177052675786e-05,1.8396174907684326
1270.930908203125,1253.29296875,17.637954711914062,0.4486537575721741,1.3151416778564453,0.4980373978614807,0.49943166971206665,0.4980373978614807,0.49943166971206665,50.192989349365234,2.4625964164733887,256,6.162267868149065e-05,1.8497967720031738
1271.1978759765625,1253.401123046875,17.7967586517334,0.4485715329647064,1.3311042785644531,0.4980815649032593,0.49950075149536133,0.4980815649032593,0.49950075149536133,50.190093994140625,2.4639902114868164,257,5.934220815591413e-05,1.864206314086914
1270.8338623046875,1253.209716796875,17.624103546142578,0.4553445279598236,1.307065725326538,0.4981226921081543,0.4995710551738739,0.4981226921081543,0.4995710551738739,50.18727111816406,2.465345621109009,258,5.711060902932035e-05,1.8470594882965088
1270.958740234375,1253.2716064453125,17.687156677246094,0.4582698941230774,1.310445785522461,0.49819687008857727,0.4996196925640106,0.49819687008857727,0.4996196925640106,50.18450164794922,2.4666731357574463,259,5.492812602170101e-05,1.868514060974121
1270.693603515625,1253.2445068359375,17.449037551879883,0.4432443082332611,1.301659345626831,0.49825912714004517,0.49967068433761597,0.49825912714004517,0.49967068433761597,50.18168640136719,2.468007802963257,260,5.279499846691256e-05,1.8503990173339844
1270.979248046875,1253.4305419921875,17.548688888549805,0.44725728034973145,1.3076115846633911,0.49827757477760315,0.4997159540653229,0.49827757477760315,0.4997159540653229,50.17888641357422,2.469324827194214,261,5.071146028642938e-05,1.8518078327178955
1270.960693359375,1253.3251953125,17.63544273376465,0.45869019627571106,1.304854154586792,0.4983029067516327,0.49974748492240906,0.4983029067516327,0.49974748492240906,50.17619323730469,2.4705896377563477,262,4.867773996369213e-05,1.8347716331481934
1270.6656494140625,1253.1968994140625,17.468788146972656,0.4593067467212677,1.2875721454620361,0.49831318855285645,0.49977996945381165,0.49831318855285645,0.49977996945381165,50.173526763916016,2.471831798553467,263,4.669406051905255e-05,1.8492114543914795
1270.69921875,1253.27783203125,17.421342849731445,0.44502705335617065,1.297107219696045,0.4983416795730591,0.49982866644859314,0.4983416795730591,0.49982866644859314,50.1708869934082,2.4730515480041504,264,4.476063948531553e-05,1.858940839767456
1270.7398681640625,1253.0701904296875,17.669713973999023,0.4422664940357208,1.324704885482788,0.498383492231369,0.4998631477355957,0.498383492231369,0.4998631477355957,50.16842269897461,2.4741904735565186,265,4.2877688883885086e-05,1.8429138660430908
1270.5537109375,1253.2825927734375,17.2711124420166,0.43896231055259705,1.2881488800048828,0.4984353482723236,0.4999297261238098,0.4984353482723236,0.4999297261238098,50.16614532470703,2.4752418994903564,266,4.1045415201513684e-05,1.8478021621704102
1270.7701416015625,1253.11767578125,17.652442932128906,0.4498637616634369,1.315380573272705,0.4984646439552307,0.4999702274799347,0.4984646439552307,0.4999702274799347,50.16404724121094,2.476205587387085,267,3.926401936765836e-05,1.8462584018707275
1270.762451171875,1253.2734375,17.488996505737305,0.4450768828392029,1.3038227558135986,0.4984983503818512,0.5000226497650146,0.4984983503818512,0.5000226497650146,50.161956787109375,2.4771604537963867,268,3.753369673244687e-05,1.853083848953247
1270.9019775390625,1253.2042236328125,17.697803497314453,0.4484884440898895,1.3212919235229492,0.49852269887924194,0.5000542402267456,0.49852269887924194,0.5000542402267456,50.15995788574219,2.47806978225708,269,3.5854637045255115e-05,1.8594179153442383
1270.73974609375,1253.2530517578125,17.48664665222168,0.44416749477386475,1.304497241973877,0.4985518157482147,0.5001020431518555,0.4985518157482147,0.5001020431518555,50.15805435180664,2.4789304733276367,270,3.422702443389897e-05,1.843817949295044
1270.83740234375,1253.235595703125,17.601835250854492,0.4454289972782135,1.314754605293274,0.49856653809547424,0.500131368637085,0.49856653809547424,0.500131368637085,50.15620040893555,2.479768753051758,271,3.265103738444294e-05,1.8440790176391602
1270.837158203125,1253.191162109375,17.64594078063965,0.44868889451026917,1.315905213356018,0.4986051023006439,0.5001559853553772,0.4986051023006439,0.5001559853553772,50.15432357788086,2.4806039333343506,272,3.112684872162669e-05,1.8466932773590088
1270.597900390625,1253.2066650390625,17.39128303527832,0.4463259279727936,1.292802333831787,0.49860966205596924,0.5001826882362366,0.49860966205596924,0.5001826882362366,50.15239715576172,2.4814462661743164,273,2.9654625589913163e-05,1.8569178581237793
1270.6768798828125,1253.1776123046875,17.499248504638672,0.4512431025505066,1.2986818552017212,0.4986218214035034,0.5002034306526184,0.4986218214035034,0.5002034306526184,50.15053939819336,2.4822561740875244,274,2.823452943515922e-05,1.838064193725586
1271.040283203125,1253.2193603515625,17.820945739746094,0.4473770260810852,1.3347175121307373,0.49864229559898376,0.5002157688140869,0.49864229559898376,0.5002157688140869,50.14888000488281,2.482978343963623,275,2.6866715986911168e-05,1.8407652378082275
1270.521484375,1253.062255859375,17.459266662597656,0.4379975497722626,1.3079291582107544,0.4986475706100464,0.5002312660217285,0.4986475706100464,0.5002312660217285,50.14736557006836,2.4836361408233643,276,2.5551335241327604e-05,1.834914207458496
1270.67626953125,1253.0286865234375,17.647567749023438,0.4421297013759613,1.322627067565918,0.4986696243286133,0.5002529621124268,0.4986696243286133,0.5002529621124268,50.14600372314453,2.4842255115509033,277,2.4288531444730185e-05,2.1498358249664307
1270.64599609375,1253.2001953125,17.44574546813965,0.4489886462688446,1.2955858707427979,0.49868834018707275,0.5002700090408325,0.49868834018707275,0.5002700090408325,50.1447639465332,2.4847631454467773,278,2.3078443077785645e-05,1.8455204963684082
1270.549560546875,1253.0177001953125,17.53182029724121,0.44045090675354004,1.312731146812439,0.49869468808174133,0.5002729296684265,0.49869468808174133,0.5002729296684265,50.143558502197266,2.485283851623535,279,2.1921202840320064e-05,1.8638134002685547
1270.6392822265625,1253.060302734375,17.579017639160156,0.44367170333862305,1.314229965209961,0.4987117648124695,0.5002996325492859,0.4987117648124695,0.5002996325492859,50.14231872558594,2.4858102798461914,280,2.081693763676623e-05,1.8758227825164795
1270.630615234375,1253.1336669921875,17.496898651123047,0.44565561413764954,1.3040342330932617,0.4987267255783081,0.5003196597099304,0.4987267255783081,0.5003196597099304,50.141151428222656,2.4863052368164062,281,1.9765768562247723e-05,1.8709120750427246
1271.0963134765625,1253.273193359375,17.82313346862793,0.4434926509857178,1.3388206958770752,0.49875321984291077,0.5003536343574524,0.49875321984291077,0.5003536343574524,50.14006805419922,2.4867618083953857,282,1.876781088929913e-05,1.8656177520751953
1270.8822021484375,1253.095947265625,17.786211013793945,0.4528660774230957,1.325755000114441,0.4987693130970001,0.5003721117973328,0.4987693130970001,0.5003721117973328,50.13901901245117,2.4872028827667236,283,1.7823174055225262e-05,1.8518261909484863
1270.3651123046875,1253.0665283203125,17.298564910888672,0.44499701261520386,1.2848594188690186,0.4988061487674713,0.5003965497016907,0.4988061487674713,0.5003965497016907,50.138038635253906,2.4876139163970947,284,1.693196165010003e-05,1.8551030158996582
1270.6368408203125,1253.0880126953125,17.54879379272461,0.4468523859977722,1.3080270290374756,0.49881255626678467,0.5004065632820129,0.49881255626678467,0.5004065632820129,50.137020111083984,2.4880359172821045,285,1.6094271405406855e-05,1.8924956321716309
1270.682861328125,1253.010498046875,17.672319412231445,0.4432603716850281,1.3239715099334717,0.49884673953056335,0.5004445910453796,0.49884673953056335,0.5004445910453796,50.136043548583984,2.488435983657837,286,1.5310195183320773e-05,1.8539352416992188
1270.447509765625,1253.0074462890625,17.440025329589844,0.44210031628608704,1.3019022941589355,0.49885112047195435,0.500457763671875,0.49885112047195435,0.500457763671875,50.1351432800293,2.488804340362549,287,1.4579818966635417e-05,1.865304708480835
1270.432373046875,1253.03515625,17.397197723388672,0.4457870125770569,1.2939329147338867,0.49886608123779297,0.5004748702049255,0.49886608123779297,0.5004748702049255,50.13425827026367,2.489164352416992,288,1.3903222849333505e-05,1.856522798538208
1270.7412109375,1253.0340576171875,17.70711898803711,0.44608408212661743,1.3246278762817383,0.4988808333873749,0.5005028247833252,0.4988808333873749,0.5005028247833252,50.13337707519531,2.489516019821167,289,1.3280481027803759e-05,1.8609881401062012
1270.091064453125,1252.9505615234375,17.14046287536621,0.4352918565273285,1.278754472732544,0.49889686703681946,0.5005068778991699,0.49889686703681946,0.5005068778991699,50.132511138916016,2.4898619651794434,290,1.271166179270472e-05,1.871372938156128
1270.7252197265625,1253.1455078125,17.57965850830078,0.43399718403816223,1.3239686489105225,0.49890196323394775,0.50052809715271,0.49890196323394775,0.50052809715271,50.13169860839844,2.490182876586914,291,1.21968275214754e-05,1.869762897491455
1270.694091796875,1253.15478515625,17.539276123046875,0.43896418809890747,1.314963459968567,0.49892038106918335,0.5005365610122681,0.49892038106918335,0.5005365610122681,50.130916595458984,2.490492582321167,292,1.1736034671495336e-05,1.8747529983520508
1270.5484619140625,1253.1611328125,17.38731575012207,0.44753506779670715,1.291196584701538,0.49892544746398926,0.5005465149879456,0.49892544746398926,0.5005465149879456,50.13018798828125,2.4907777309417725,293,1.1329333773893242e-05,1.856579303741455
1270.5069580078125,1253.00634765625,17.500579833984375,0.44159233570098877,1.308465600013733,0.49893590807914734,0.500566303730011,0.49893590807914734,0.500566303730011,50.12946701049805,2.491058588027954,294,1.0976769428005577e-05,1.8603489398956299
1270.628662109375,1253.02099609375,17.607633590698242,0.44504183530807495,1.3157215118408203,0.4989413321018219,0.5005760192871094,0.4989413321018219,0.5005760192871094,50.1287727355957,2.4913277626037598,295,1.0678380296485951e-05,1.8580045700073242
1270.60107421875,1253.0234375,17.577598571777344,0.44541651010513306,1.3123432397842407,0.49893003702163696,0.5005729794502258,0.49893003702163696,0.5005729794502258,50.128116607666016,2.491581678390503,296,1.04341991010651e-05,1.8606302738189697
1270.6678466796875,1253.1209716796875,17.546899795532227,0.4419741928577423,1.3127158880233765,0.49894049763679504,0.5005844831466675,0.49894049763679504,0.5005844831466675,50.127464294433594,2.4918322563171387,297,1.0244252618962858e-05,1.8550522327423096
1270.8095703125,1253.0750732421875,17.734485626220703,0.44470134377479553,1.328747272491455,0.49893590807914734,0.5005979537963867,0.49893590807914734,0.5005979537963867,50.1268196105957,2.4920787811279297,298,1.0108561679951479e-05,1.8534464836120605
1270.111328125,1253.0115966796875,17.099746704101562,0.4338392913341522,1.2761354446411133,0.49893641471862793,0.5005947947502136,0.49893641471862793,0.5005947947502136,50.12620544433594,2.492311716079712,299,1.002714116407149e-05,1.855997085571289
1270.482421875,1253.108154296875,17.374300003051758,0.44828784465789795,1.28914213180542,0.4989383816719055,0.5006108283996582,0.4989383816719055,0.5006108283996582,50.12562561035156,2.4925320148468018,300,1e-05,1.8603534698486328
